event_id,state,district,lat,lng,geology,year,label
MZ/KOL/83D12/2016/10,Mizoram,Kolasib,24.021514,92.673778,"Shale,  siltstone and  fossiliferous sandstone",2016.0,2
MZ/LUN/84A16/2018/70,Mizoram,Lunglei,23.048967,92.907501,Shale,2018.0,2
MZ/LUN/84B13/2018/25,Mizoram,Lunglei,22.82402,92.608917,Shale-siltstone sequence with sandstone,2018.0,2
MZ/AIZ/84A10/2015/72,Mizoram,Aizawl,23.604611,92.726417,"Grey sandy splintery shale, siltstone and mudstone",2015.0,2
MZ/CHA/84E02/2017/18,Mizoram,Champhai,23.55097,93.215688,Siltstone/Shale,2017.0,2
MZ/AIZ/84A14/2015/61,Mizoram,Aizawl,23.535189,92.846042,"Sandstone with subordinate siltstone, mudstone and shale",2015.0,2
MZ/SER/84A15/2016/33,Mizoram,Serchhip,23.405305,92.851014,"Grey sandy splintery shale, siltstone and mudstone",2016.0,2
MZ/LUN/84A12/2018/80,Mizoram,Lunglei,23.140694,92.551529,Shale-sandstone,2018.0,2
MZ/CHA/84E08/2017/19,Mizoram,Champhai,23.15114,93.283462,Ferruginous sandstone with splintery shale,2017.0,2
MZ/LUN/84B05/2020/20,Mizoram,Lunglei,22.9,92.49,"Sansdtone,siltstone,shale",2020.0,2
MZ/CHA/84E02/2017/9,Mizoram,Champhai,23.629553,93.077474,shale/sandstone,2017.0,2
MZ/CHA/84E07/2017/58,Mizoram,Champhai,23.496347,93.310454,"Sandstone, shale, siltstone with conglomerate",2017.0,2
MZ/CHA/84E02/2017/0126,Mizoram,Champhai,23.570595,93.07382,sandstone,2017.0,2
MZ/SAI/84F03/2020/33,Mizoram,Saiha,22.49,93.01,"Sandstone with subordinate siltstone,mudstone, shale",2020.0,2
MZ/CHA/84E03/2017/41,Mizoram,Champhai,23.474528,93.241611,"Sandstone, shale, siltstone with conglomerate",2017.0,2
MZ/KOL/83D15/2020/45,Mizoram,Kolasib,24.41,92.8,"Sandstone, shale, siltstone and conglomerate",2020.0,2
MZ/AIZ/84A10/2015/203,Mizoram,Aizawl,23.716111,92.712611,"Grey sandy splintery shale, siltstone and mudstone",2015.0,2
MZ/KOL/83D12/2016/8,Mizoram,Kolasib,24.004867,92.677265,"Shale,  siltstone and  fossiliferous sandstone",2016.0,2
MZ/LAW/84B11/2020/55,Mizoram,Lawngtlai,22.43,92.69,"Siltstone, micaceous sandstone & splintery shale",2020.0,2
MZ/LUN/84B13/2018/29,Mizoram,Lunglei,22.829491,92.760933,"Sandstone with subordinate siltstone,mudstone, shale",2018.0,2
MZ/AIZ/84E01/2017/51,Mizoram,Aizawl,23.792555,93.029892,Shalesiltstonesandstone intercalation,2017.0,2
MZ/LAW/84B11/2020/21,Mizoram,Lawngtlai,22.35,92.66,Sandstone and siltstone,2020.0,2
MZ/LUN/84B13/2018/69,Mizoram,Lunglei,22.87056,92.822105,"Sandstone with subordinate siltstone,mudstone, shale",2018.0,2
MZ/LUN/84B13/2018/30,Mizoram,Lunglei,22.832573,92.892761,"Sandstone with subordinate siltstone,mudstone, shale",2018.0,2
MZ/LAW/84B14/2018/17,Mizoram,Lawngtlai,22.568556,92.87944,"Sandstone, siltstone and shale",2018.0,2
MZ/KOL/83D15/2020/23,Mizoram,Kolasib,24.34,92.84,"Sandstone, shale, siltstone and conglomerate",2020.0,2
MZ/MAM/84A10/2015/172,Mizoram,Mamit,23.674694,92.597361,"Sandstone with subordinate siltstone, mudstone and shale",2015.0,2
MIZ/AIZ/84A13/2016/134,Mizoram,Aizawl,23.811722,92.959917,"Shale (splintery, grey)- medium thinly bedded sandstone intercalation",2016.0,2
MZ/KOL/83D15/2020/15,Mizoram,Kolasib,24.39,92.79,"Sandstone, shale, siltstone and conglomerate",2020.0,2
MZ/LUN/84A16/2018/18,Mizoram,Lunglei,23.23035,92.79808,Shale-silty sandstone,2018.0,2
MZ/CHA/84E06/2017/8,Mizoram,Champhai,23.640448,93.343559,Shale dominant,2017.0,2
MZ/CHA/84E06/2017/28,Mizoram,Champhai,23.659891,93.349052,"Sequence of siltstone, shale & sandstone with coal",2017.0,2
MZ/SAI/84B15/2018/53,Mizoram,Saiha,22.459,92.952003,Sandstone and siltstone,2018.0,2
MZ/LAW/84B14/2018/35,Mizoram,Lawngtlai,22.528,92.896004,Sandstone and siltstone,2018.0,2
MZ/SER/84A15/2016/18,Mizoram,Serchhip,23.28985,92.860445,"Grey sandy splintery shale, siltstone and mudstone",2016.0,2
MZ/SER/84A16/2018/91,Mizoram,Serchhip,23.176575,92.979797,Sandstone-shale,2018.0,2
MZ/AIZ/83D16/2016/50,Mizoram,Aizawl,24.091664,92.796134,Splintery shale with  siltstone and conglomerate,2016.0,2
MZ/LAW/84B15/2018/16,Mizoram,Lawngtlai,22.447001,92.882004,"Sandstone, siltstone and shale",2018.0,2
MZ/LAW/84B10/2020/42,Mizoram,Lawngtlai,22.61,92.54,"Shale, siltstone and mudstone with sandstone",2020.0,2
MZ/MAM/84A10/2015/144,Mizoram,Mamit,23.519139,92.5795,"Grey sandy splintery shale, siltstone and mudstone",2015.0,2
MZ/LAW/84B12/2020/11,Mizoram,Lawngtlai,22.21,92.61,Sandstone and shale,2020.0,2
MZ/SER/84A15/2016/9,Mizoram,Serchhip,23.282258,92.852377,"Grey sandy splintery shale, siltstone and mudstone",2016.0,2
MIZO/LUN/84B09/2005/E-5,Mizoram,Lunglei,22.851028,92.694972, ,2005.0,2
MZ/SER/84A16/2018/44,Mizoram,Serchhip,23.222853,92.941536,Grey splintery shale,2018.0,2
MZ/LUN/84A12/2018/26,Mizoram,Lunglei,23.230371,92.673973,Sandstone-shale,2018.0,2
MZ/MAM/83D08/2020/15,Mizoram,Mamit,24.17,92.33,Ferruginous sandstone with siltstone and clay,2020.0,2
MZ/KOL/83D12/2020/1,Mizoram,Kolasib,24.18,92.54,"Shale, siltstone and mudstone with sandstone",2020.0,2
MIZ/AIZ/84A13/2016/127,Mizoram,Aizawl,23.865694,92.932639,Grey Splintery Shale,2016.0,2
MZ/LUN/84B09/2018/26,Mizoram,Lunglei,22.873558,92.755951,"Sandstone with subordinate siltstone,mudstone, sh",2018.0,3
MZ/SER/84A15/2016/76,Mizoram,Serchhip,23.43481,92.873933,"Grey sandy splintery shale, siltstone and mudstone",2016.0,2
MZ/CHA/84E03/2017/43,Mizoram,Champhai,23.341111,93.080583,Shale  with minor siltstone and sandstone,2017.0,2
MZ/LUN/84B13/2018/6,Mizoram,Lunglei,22.788198,92.825165,"Grey sandy splintery shale, siltstone and mudstone",2018.0,2
MZ/MAM/84A05/2020/11,Mizoram,Mamit,23.79,92.36,Shale-siltstone sequence with sandstone,2020.0,2
MZ/LAW/84B14/2018/45,Mizoram,Lawngtlai,22.525,92.865997,Sandstone and siltstone,2018.0,2
MIZ/AIZ/84A09/2016/52,Mizoram,Aizawl,23.852722,92.743306,Sandstone,2016.0,2
MZ/CHA/84E01/2017/42,Mizoram,Champhai,23.868279,93.222557,Sandstone,2017.0,2
MZ/KOL/83D12/2016/5,Mizoram,Kolasib,24.238745,92.681538,"Shale,  siltstone and  fossiliferous sandstone",2016.0,2
MZ/KOL/83D12/2016/6,Mizoram,Kolasib,24.24496,92.683014,"Shale,  siltstone and  fossiliferous sandstone",2016.0,2
MZ/AIZ/84A14/2015/114,Mizoram,Aizawl,23.665806,92.892639,"Sandstone with subordinate siltstone, mudstone and shale",2015.0,2
MIZ/AIZ/84A09/2016/77,Mizoram,Aizawl,23.754493,92.690145,Sandstone and shale,2016.0,2
MZ/LUNG/84B14/2018/24,Mizoram,Lunglei,22.673,92.844002,"Sandstone, siltstone and shale",2018.0,3
MZ/AIZ/84A14/2015/68,Mizoram,Aizawl,23.708217,92.761489,"Grey sandy splintery shale, siltstone and mudstone",2015.0,2
MZ/CHA/84E07/2017/35,Mizoram,Champhai,23.468389,93.27075,Olive green splintery shale with minor sandstone,2017.0,2
MZ/AIZ/84A10/2015/117,Mizoram,Aizawl,23.733083,92.675611,"Sandstone with subordinate siltstone, mudstone and shale",2015.0,2
MIZO/LUN/84B09/2005/E-8,Mizoram,Lunglei,22.85697,92.70764, ,2005.0,2
MZ/AIZ/83H04/2017/9,Mizoram,Aizawl,24.040972,93.078697,Shalesiltstone,2017.0,2
MZ/CHA/84E01/2017/22,Mizoram,Champhai,23.939194,93.214195,Shalesandstone intercalation,2017.0,2
MZ/CHA/84E08/2017/4,Mizoram,Champhai,23.161889,93.2775,Ferruginous sandstone with splintery shale,2017.0,2
MZ/LUN/84A12/2018/75,Mizoram,Lunglei,23.135416,92.616661,Grey splintery shale with micaceous hard & compact sandstone,2018.0,2
MZ/AIZ/83D16/2016/123,Mizoram,Aizawl,24.199185,92.992094,"Sandstone with subordinate siltstone, mudstone and shale",2016.0,2
MZ/SAI/84B15/2018/58,Mizoram,Saiha,22.399,92.964996,Sandstone and siltstone,2018.0,2
MZ/CHA/84E02/2017/0061,Mizoram,Champhai,23.689256,93.192172,shale & sandstone,2017.0,2
MZ/CHA/84E02/2017/28,Mizoram,Champhai,23.573051,93.102716,sandstone/shale,2017.0,2
MZ/CHA/84E02/2017/0019,Mizoram,Champhai,23.538538,93.158251,"sandstone/siltstone, shale",2017.0,2
MZ/CHA/84E02/2017/21,Mizoram,Champhai,23.742754,93.094558,sandstone/shale,2017.0,2
MZ/LUN/84B13/2018/70,Mizoram,Lunglei,22.870546,92.752853,"Sandstone with subordinate siltstone,mudstone, shale",2018.0,2
MZ/LUN/84A12/2018/41,Mizoram,Lunglei,23.147697,92.687386,Sandstone,2018.0,2
MZ/LAW/84B14/2018/42,Mizoram,Lawngtlai,22.534,92.876999,Sandstone and siltstone,2018.0,2
MZ/LUN/84B13/2018/23,Mizoram,Lunglei,22.822599,92.624512,"Sandstone with subordinate siltstone,mudstone, shale",2018.0,2
MZ/CHA/84E07/2017/55,Mizoram,Champhai,23.484639,93.278222,Olive green splintery shale with minor sandstone,2017.0,2
MZ/SAI/84F03/2020/24,Mizoram,Saiha,22.39,93.11,"Sandstone with subordinate siltstone,mudstone, shale",2020.0,2
MZ/LAW/84B15/2018/40,Mizoram,Lawngtlai,22.309944,92.768059,"Sandstone, siltstone and shale",2018.0,2
MZ/CHA/84E01/2017/25,Mizoram,Champhai,23.803085,93.159225,Sandstone,2017.0,2
MZ/CHA/84E03/2017/33,Mizoram,Champhai,23.471889,93.246333,Olive green splintery shale with minor sandstone,2017.0,2
MIZ/AIZ/84A13/2016/10,Mizoram,Aizawl,23.929083,92.922778,Splintary  and thinly laminated Shale,2016.0,2
MZ/KOL/83D15/2020/19,Mizoram,Kolasib,24.28,92.81,"Sandstone, shale, siltstone and conglomerate",2020.0,2
MZ/CHA/84E02/2017/0110,Mizoram,Champhai,23.631956,93.033971,sandstone/shale,2017.0,2
MZ/CHA/84E08/2017/48,Mizoram,Champhai,23.058,93.280568,Ferruginous sandstone with splintery shale,2017.0,2
MZ/LUN/84A12/2018/56,Mizoram,Lunglei,23.210028,92.522781,Micaceous grey coloured fine grained hard compact sandstone,2018.0,2
MZ/CHA/84E07/2017/16,Mizoram,Champhai,23.454924,93.260137,Olive green splintery shale with minor sandstone,2017.0,2
MZ/LUN/84A12/2018/50,Mizoram,Lunglei,23.242306,92.640587,Sandstone-silty shale-siltstone,2018.0,2
MZ/CHA/84E03/2017/19,Mizoram,Champhai,23.442083,93.223472,Olive green splintery shale with minor sandstone,2017.0,2
MZ/LAW/84B15/2018/15,Mizoram,Lawngtlai,22.448,92.882004,"Sandstone, siltstone and shale",2018.0,2
MZ/SAI/84F03/2020/7,Mizoram,Saiha,22.28,93.08,"Sandstone with subordinate siltstone,mudstone, shale",2020.0,2
MZ/LAW/84B15/2018/30,Mizoram,Lawngtlai,22.379,92.858002,"Sandstone, siltstone and shale",2018.0,2
MZ/LAW/84B11/2020/43,Mizoram,Lawngtlai,22.37,92.63,Sandstone and siltstone,2020.0,2
MZ/MAM/84A10/2015/130,Mizoram,Mamit,23.726694,92.557778,"Grey sandy splintery shale, siltstone and mudstone",2015.0,2
MZ/LUN/84A12/2018/70,Mizoram,Lunglei,23.214001,92.588608,Sandstone-shale,2018.0,2
MZ/AIZ/83D16/2016/61,Mizoram,Aizawl,24.077014,92.790809,Splintery shale with  siltstone and conglomerate,2016.0,2
MZ/LAW/84B10/2020/44,Mizoram,Lawngtlai,22.55,92.54,"Shale, siltstone and mudstone with sandstone",2020.0,2
MZ/SER/84A15/2016/120,Mizoram,Serchhip,23.297637,92.74119,"Grey sandy splintery shale, siltstone and mudstone",2016.0,2
MZ/AIZ/84A14/2015/65,Mizoram,Aizawl,23.682158,92.858383,"Sandstone with subordinate siltstone, mudstone and shale",2015.0,2
MZ/CHA/84E01/2017/4,Mizoram,Champhai,23.881639,93.234642,"Siltstone, shale and sandstone  with coal streaks",2017.0,2
MZ/LUN/84B13/2018/21,Mizoram,Lunglei,22.815697,92.802696,"Sandstone with subordinate siltstone,mudstone, shale",2018.0,2
MIZO/LUN/84B13/2005/E-17,Mizoram,Lunglei,22.90442,92.72281, ,2005.0,2
MZ/KOL/83D12/2016/13,Mizoram,Kolasib,24.030186,92.673377,"Shale,  siltstone and  fossiliferous sandstone",2016.0,2
MZ/LAW/84B10/2020/32,Mizoram,Lawngtlai,22.68,92.58,Soft friable grey sandstone,2020.0,2
MZ/SER/84A16/2018/35,Mizoram,Serchhip,23.23,92.919724,Shale-sandstone,2018.0,2
MZ/CHA/84E02/2017/0085,Mizoram,Champhai,23.644469,93.068299,shale/sandstone,2017.0,2
MZ/SER/84E03/2017/4,Mizoram,Serchhip,23.457028,93.006722,"Sandstone with subordinate siltstone mudstone, sh",2017.0,2
MZ/LAW/84B16/2020/3,Mizoram,Lawngtlai,22.15,92.78,"Sandstone with subordinate siltstone,mudstone, shale",2020.0,2
MZ/LAW/84B11/2020/54,Mizoram,Lawngtlai,22.43,92.71,"Siltstone, micaceous sandstone & splintery shale",2020.0,2
MZ/LUN/84B10/2020/67,Mizoram,Lunglei,22.71,92.66,Sandstone,2020.0,2
MZ/AIZ/84A10/2015/205,Mizoram,Aizawl,23.716333,92.688639,"Sandstone with subordinate siltstone, mudstone and shale",2015.0,2
MZ/CHA/84E08/2017/17,Mizoram,Champhai,23.151444,93.282333,Ferruginous sandstone with splintery shale,2017.0,2
MZ/LUN/84A12/2018/35,Mizoram,Lunglei,23.091749,92.695419,Sandstone with thin bands of mud,2018.0,2
MZ/AIZ/84A14/2015/98,Mizoram,Aizawl,23.74425,92.968472,"Sandstone with subordinate siltstone, mudstone and shale",2015.0,2
MZ/CHA/84E07/2017/108,Mizoram,Champhai,23.397861,93.3845,Olive green splintery shale with minor sandstone,2017.0,2
MZ/CHA/83H04/2017/6,Mizoram,Champhai,24.026138,93.240166,Shalesandstone intercalation,2017.0,2
MIZ/AIZ/84A13/2016/11,Mizoram,Aizawl,23.9395,92.927889,"Grey sandy splintery shale, siltstone and mudstone",2016.0,2
MZ/LUN/84A12/2018/76,Mizoram,Lunglei,23.083221,92.556969,Shale-sandstone,2018.0,2
MZ/LUN/84A16/2018/51,Mizoram,Lunglei,23.007998,92.808693,Massive grey compact sandstone,2018.0,2
MZ/LUN/84B13/2018/95,Mizoram,Lunglei,22.901287,92.882271,"Sandstone with subordinate siltstone,mudstone, shale",2018.0,2
MZ/CHA/84E07/2017/44,Mizoram,Champhai,23.473662,93.312845,"Sandstone, shale, siltstone with conglomerate",2017.0,2
MZ/LAW/84B10/2020/4,Mizoram,Lawngtlai,22.61,92.66,"Sandstone, siltstone and shale",2020.0,2
MZ/LAW/84B11/2020/3,Mizoram,Lawngtlai,22.43,92.75,Sandstone,2020.0,2
MZ/LAW/84B16/2020/8,Mizoram,Saiha,22.21,92.96,"Grey sandy splintery shale, siltstone and mudstone",2020.0,2
MZ/CHA/84E02/2017/0095,Mizoram,Champhai,23.695088,93.041426,sandstone (Upper Bhuban),2017.0,2
MZ/LUN/84B09/2018/12,Mizoram,Lunglei,22.883036,92.557152,"Sandstone with subordinate siltstone,mudstone, shale",2018.0,2
MZ/CHA/84E07/2017/76,Mizoram,Champhai,23.26125,93.337222,Olive green splintery shale with minor sandstone,2017.0,2
MZ/LUN/84B13/2018/10,Mizoram,Lunglei,22.795282,92.813881,"Sandstone with subordinate siltstone,mudstone, shale",2018.0,2
MZ/AIZ/84E01/2017/105,Mizoram,Aizawl,23.805779,93.027115,Shalesiltstonesandstone intercalation,2017.0,2
MIZO/AIZ/84A10/2007/E-1,Mizoram,Aizawl,23.406389,92.75325,Silt and shale,2007.0,2
MIZ/AIZ/84A13/2016/16,Mizoram,Aizawl,23.872722,92.874083,Shale and sandstone,2016.0,2
MZ/AIZ/84E01/2017/101,Mizoram,Aizawl,23.797361,93.040916,Sandstoneshale intercalation,2017.0,2
MZ/LUN/84B09/2018/4,Mizoram,Lunglei,22.790684,92.614983,Shale-siltstone sequence with sandstone,2018.0,2
MZ/CHA/84E06/2017/25,Mizoram,Champhai,23.514479,93.369982,Siltstone/Shale,2017.0,2
MZ/LUN/84B09/2018/10,Mizoram,Lunglei,22.880117,92.831108,"Grey sandy splintery shale, siltstone and mudstone",2018.0,2
MZ/CHA/84E07/2017/77,Mizoram,Champhai,23.367333,93.380083,Olive green splintery shale with minor sandstone,2017.0,2
MZ/SER/84A15/2016/129,Mizoram,Serchhip,23.387328,92.933397,"Grey sandy splintery shale, siltstone and mudstone",2016.0,2
MZ/LUN/84B13/2018/90,Mizoram,Lunglei,22.898329,92.893478,"Sandstone with subordinate siltstone,mudstone, shale",2018.0,2
MZ/AIZ/83D16/2016/32,Mizoram,Aizawl,24.237872,92.798117,Splintery shale with  siltstone and conglomerate,2016.0,2
MZ/AIZ/83D16/2016/116,Mizoram,Aizawl,24.182783,92.949911,"Grey sandy splintery shale, siltstone and mudstone",2016.0,2
MZ/CHA/84E02/2017/0062,Mizoram,Champhai,23.694333,93.183335,"shale, siltstone",2017.0,2
MZ/AIZ/83H04/2017/11,Mizoram,Aizawl,24.047916,93.056946,Sandstone,2017.0,2
MZ/CHA/84E03/2017/71,Mizoram,Champhai,23.384222,93.145528,Olive green splintery shale with minor sandstone,2017.0,2
MZ/LUN/84B13/2018/13,Mizoram,Lunglei,22.80291,92.81369,"Sandstone with subordinate siltstone,mudstone, shale",2018.0,2
MZ/CHA/84E08/2017/8,Mizoram,Champhai,23.21475,93.261139,Olive green splintery shale with minor sandstone,2017.0,2
MZ/LAW/84B14/2018/49,Mizoram,Lawngtlai,22.538,92.857002,Sandstone and siltstone,2018.0,2
MZ/SAI/84B15/2018/61,Mizoram,Saiha,22.455,92.959999,Sandstone and siltstone,2018.0,2
MZ/SER/84A15/2016/62,Mizoram,Serchhip,23.447015,92.866917,"Grey sandy splintery shale, siltstone and mudstone",2016.0,2
MZ/SER/84A15/2016/68,Mizoram,Serchhip,23.447093,92.863082,"Grey sandy splintery shale, siltstone and mudstone",2016.0,2
MZ/AIZ/84A10/2015/199,Mizoram,Aizawl,23.721167,92.675056,"Sandstone with subordinate siltstone, mudstone and shale",2015.0,2
MZ/CHA/84E02/2017/6,Mizoram,Champhai,23.69159,93.190067,shale and siltstone (Jenam),2017.0,2
MZ/SER/84F01/2018/13,Mizoram,Champhai,23.182417,93.246498,Ferrogenous sandstone with shale,2018.0,2
MZ/CHA/84E08/2017/2,Mizoram,Champhai,23.051673,93.306394,Olive green splintery shale with minor sandstone,2017.0,2
MZ/SER/84A15/2016/37,Mizoram,Serchhip,23.321505,92.854734,"Grey sandy splintery shale, siltstone and mudstone",2016.0,2
MZ/LUN/84B13/2018/93,Mizoram,Lunglei,22.899906,92.868828,"Sandstone with subordinate siltstone,mudstone, shale",2018.0,2
MZ/AIZ/83D16/2016/35,Mizoram,Aizawl,24.010279,92.767056,"Sandstone, shale, siltstone and conglomerate",2016.0,2
MZ/LAW/84B15/2018/22,Mizoram,Lawngtlai,22.445999,92.874001,"Sandstone, siltstone and shale",2018.0,2
MZ/CHA/84E07/2017/86,Mizoram,Champhai,23.376472,93.384778,Olive green splintery shale with minor sandstone,2017.0,2
"MZ/LAW/84B14/2018/29
",Mizoram,"Lawngtlai
",22.503,92.889,"Sandstone, siltstone and shale",2018.0,2
MZ/KLS/83D11/2020/18,Mizoram,Kolasib,24.26,92.67,Weathered sandstone and siltstone intercalation,2020.0,2
MZ/LUN/84B13/2018/111,Mizoram,Lunglei,22.940655,92.833038,"Grey sandy splintery shale, siltstone and mudstone",2018.0,2
MZ/CHA/84E06/2017/24,Mizoram,Champhai,23.654025,93.287022,shale dominant with sandstone,2017.0,2
MZ/LAW/84B11/2020/7,Mizoram,Lawngtlai,22.34,92.75,Sandstone and siltstone,2020.0,2
MZ/SER/84A15/2016/2,Mizoram,Serchhip,23.305259,92.809736,"Sandstone, shale with fossiliferous limestone",2016.0,2
MZ/SER/84A16/2018/39,Mizoram,Serchhip,23.223055,92.931114,Shale,2018.0,2
MZ/LAW/84B12/2020/26,Mizoram,Lawngtlai,22.16,92.62,Sandstone and siltstone,2020.0,2
MZ/AIZ/84E01/2017/58,Mizoram,Aizawl,23.969223,93.016335,Sandstone,2017.0,2
MZ/SER/84A15/2016/45,Mizoram,Serchhip,23.321765,92.8589,"Grey sandy splintery shale, siltstone and mudstone",2016.0,2
MZ/AIZ/83D16/2016/63,Mizoram,Aizawl,24.070285,92.787738,Splintery shale with  siltstone and conglomerate,2016.0,2
MZ/CHA/84E08/2017/28,Mizoram,Champhai,23.141445,93.33848,Ferruginous sandstone with splintery shale,2017.0,2
MZ/AIZ/84A10/2015/206,Mizoram,Aizawl,23.739417,92.699917,"Sandstone with subordinate siltstone, mudstone and shale",2015.0,2
MZ/LUN/84B13/2018/96,Mizoram,Lunglei,22.902414,92.829948,"Grey sandy splintery shale, siltstone and mudstone",2018.0,2
MZ/CHA/84E07/2017/17,Mizoram,Champhai,23.455367,93.362276,Olive green splintery shale with minor sandstone,2017.0,2
MZ/MAM/83D08/2020/20,Mizoram,Mamit,24.1,92.42,"Shale, siltstone and mudstone with sandstone",2020.0,2
MZ/MAM/84A05/2020/10,Mizoram,Mamit,23.95,92.37,Shale-siltstone sequence with sandstone,2020.0,2
MZ/SAI/84F03/2020/32,Mizoram,Saiha,22.4,93.13,"Sandstone with subordinate siltstone,mudstone, shale",2020.0,2
MZ/CHA/84E03/2017/37,Mizoram,Champhai,23.473611,93.243069,Olive green splintery shale with minor sandstone,2017.0,2
MZ/LUN/84B05/2020/27,Mizoram,Lunglei,22.9,92.46,"Shale, siltstone and mudstone with sandstone",2020.0,2
MZ/SER/84A15/2016/7,Mizoram,Serchhip,23.275305,92.850377,"Grey sandy splintery shale, siltstone and mudstone",2016.0,2
MZ/AIZ/84A10/2015/183,Mizoram,Aizawl,23.712694,92.66025,"Sandstone with subordinate siltstone, mudstone and shale",2015.0,2
MZ/AIZ/83D16/2016/126,Mizoram,Aizawl,24.197817,92.993923,"Sandstone with subordinate siltstone, mudstone and shale",2016.0,2
MZ/SAI/84B15/2018/52,Mizoram,Saiha,22.475,92.964996,Sandstone and siltstone,2018.0,2
MZ/SAI/84B15/2019/4,Mizoram,Saiha,22.368999,92.934998,"Sandstone, siltstone and shale",2019.0,2
MZ/CHA/84E03/2017/44,Mizoram,Champhai,23.299073,93.057068,"Sandstone with subordinate siltstone mudstone, sh",2017.0,2
MZ/CHA/84E07/2017/72,Mizoram,Champhai,23.261944,93.295194,Olive green splintery shale with minor sandstone,2017.0,2
MZ/SAI/84B15/2018/60,Mizoram,Saiha,22.381001,92.978996,Sandstone and siltstone,2018.0,2
MZ/CHA/84E07/2017/120,Mizoram,Champhai,23.419417,93.333333,"Sequence of sandstone,siltstone and shale",2017.0,2
MZ/SER/84A16/2018/34,Mizoram,Serchhip,23.228361,92.916832,Shale,2018.0,2
MZ/LUN/84B09/2018/23,Mizoram,Lunglei,22.969807,92.729706,"Grey sandy splintery shale, siltstone and mudstone",2018.0,2
MZ/LAW/84B14/2018/13,Mizoram,Lawngtlai,22.53544,92.893059,"Sandstone, siltstone and shale",2018.0,2
MZ/AIZ/84A10/2015/224,Mizoram,Aizawl,23.737083,92.703889,"Sandstone with subordinate siltstone, mudstone and shale",2015.0,2
MZ/KOL/83D12/2016/15,Mizoram,Aizawl,24.025542,92.91546,"Grey sandy splintery shale, siltstone and mudstone",2016.0,2
MZ/AIZ/84A10/2015/186,Mizoram,Aizawl,23.745639,92.694361,"Sandstone with subordinate siltstone, mudstone and shale",2015.0,2
MZ/LUN/84B10/2020/57,Mizoram,Lunglei,22.66,92.67,Sandstone,2020.0,2
MZ/CHA/84E01/2017/10,Mizoram,Champhai,23.942722,93.213531,Shalesandstone intercalation,2017.0,2
MZ/MAM/84A10/2015/133,Mizoram,Mamit,23.690722,92.570139,"Grey sandy splintery shale, siltstone and mudstone",2015.0,2
MZ/CHA/84E02/2017/0087,Mizoram,Champhai,23.638822,93.066182,sandstone,2017.0,2
MIZO/LUN/84B13/2005/E-20,Mizoram,Lunglei,22.90175,92.83233, ,2005.0,2
MZ/LUN/84A16/2018/8,Mizoram,Lunglei,23.117416,92.79612,Sandstone-Shale,2018.0,2
MZ/CHA/84E02/2017/13,Mizoram,Champhai,23.707126,93.187183,"shale,siltstone (Jenam)",2017.0,2
MZ/CHA/84E01/2017/37,Mizoram,Champhai,23.799166,93.132919,Shalesandstone intercalation,2017.0,2
MZ/CHA/84E07/2017/54,Mizoram,Champhai,23.482322,93.310052,"Sandstone, shale, siltstone with conglomerate",2017.0,2
MZ/CHA/84E07/2017/21,Mizoram,Champhai,23.458538,93.260555,Olive green splintery shale with minor sandstone,2017.0,2
MZ/CHA/84E08/2017/47,Mizoram,Champhai,23.059174,93.276033,Ferruginous sandstone with splintery shale,2017.0,2
MZ/AIZ/83D16/2016/55,Mizoram,Aizawl,24.125996,92.805874,Splintery shale with  siltstone and conglomerate,2016.0,2
MZ/LUN/84B13/2018/85,Mizoram,Lunglei,22.892977,92.947433,"Grey sandy splintery shale, siltstone and mudstone",2018.0,2
MZ/CHA/84E08/2017/31,Mizoram,Champhai,23.14046,93.343507,Olive green splintery shale with minor sandstone,2017.0,2
MZ/AIZ/83D16/2016/87,Mizoram,Aizawl,24.078041,92.914114,"Grey sandy splintery shale, siltstone and mudstone",2016.0,2
MZ/CHA/84E05/2017/18,Mizoram,Champhai,23.999111,93.285309,Shale,2017.0,2
MZ/AIZ/83H04/2017/4,Mizoram,Aizawl,24.001167,93.037613,"Siltstone, shale and sandstone  with coal streaks",2017.0,2
MZ/LUN/84B09/2018/2,Mizoram,Lunglei,22.786629,92.62748,Shale-siltstone sequence with sandstone,2018.0,2
MZ/LAW/84B15/2018/28,Mizoram,Lawngtlai,22.385,92.857002,"Sandstone, siltstone and shale",2018.0,2
MZ/CHA/83H04/2017/2,Mizoram,Champhai,24.039833,93.232864,Shale,2017.0,2
MZ/SER/84F01/2018/18,Mizoram,Champhai,23.244541,93.099533,Olive green splintery shale with minor sandstone,2018.0,2
MZ/LUN/84B13/2018/81,Mizoram,Lunglei,22.889872,92.903984,"Sandstone with subordinate siltstone,mudstone, shale",2018.0,2
MZ/CHA/84E06/2017/23,Mizoram,Champhai,23.512147,93.359164,Siltstone/Shale,2017.0,2
MZ/CHA/83H04/2017/7,Mizoram,Champhai,24.02025,93.243973,Shalesandstonesiltstone intercalation,2017.0,2
MZ/CHA/84E07/2017/121,Mizoram,Champhai,23.4195,93.331917,"Sequence of sandstone,siltstone and shale",2017.0,2
MZ/AIZ/84E01/2017/87,Mizoram,Aizawl,23.958944,93.022781,"Sandstone, loose friable",2017.0,2
MZ/LAW/84B10/2020/41,Mizoram,Lawngtlai,22.71,92.54,Sandstone and siltstone,2020.0,2
MZ/LAW/84B14/2018/46,Mizoram,Lawngtlai,22.525,92.864998,Sandstone and siltstone,2018.0,2
MZ/LAW/84B10/2020/13,Mizoram,Lawngtlai,22.52,92.71,Shale and siltstone,2020.0,2
MZ/CHA/84E03/2017/21,Mizoram,Champhai,23.447639,93.223611,Olive green splintery shale with minor sandstone,2017.0,2
MZ/CHA/84E02/2017/0083,Mizoram,Champhai,23.677967,93.087973,sandstone with shale intercalation,2017.0,2
MZ/LUN/84B13/2018/42,Mizoram,Lunglei,22.839445,92.95668,"Sandstone with subordinate siltstone,mudstone, shale",2018.0,2
MZ/LUN/84B10/2020/54,Mizoram,Lunglei,22.65,92.67,sandstone shale intercalation,2020.0,2
MZ/LAW/84B14/2018/39,Mizoram,Lawngtlai,22.530001,92.890999,Sandstone and siltstone,2018.0,2
MZ/AIZ/83D16/2016/44,Mizoram,Aizawl,24.040967,92.774357,Splintery shale with  siltstone and conglomerate,2016.0,2
MZ/AIZ/83D16/2016/78,Mizoram,Aizawl,24.037574,92.922489,"Grey sandy splintery shale, siltstone and mudstone",2016.0,2
MZ/LUN/84B09/2018/19,Mizoram,Lunglei,22.913624,92.508827,Shale-siltstone sequence with sandstone,2018.0,2
MZ/AIZ/84E01/2017/69,Mizoram,Aizawl,23.894444,93.019279,Sandstone,2017.0,2
MZ/SER/84A15/2016/69,Mizoram,Serchhip,23.44608,92.861819,"Grey sandy splintery shale, siltstone and mudstone",2016.0,2
MIZ/AIZ/84A13/2016/33,Mizoram,Aizawl,23.856821,92.833784,Sandstone and shale,2016.0,2
MZ/LUN/84A16/2018/50,Mizoram,Lunglei,23.005556,92.810555,Grey splintery shale,2018.0,2
MZ/CHA/84E07/2017/25,Mizoram,Champhai,23.461111,93.320472,"Sequence of sandstone,siltstone and shale",2017.0,2
MZ/CHA/83H08/2017/2,Mizoram,Champhai,24.003889,93.323502,Shalesandstone intercalation,2017.0,2
MZ/LUN/84A16/2018/75,Mizoram,Lunglei,23.019981,92.920921,Massive micaceous sandstone,2018.0,2
MZ/LAW/84B14/2018/20,Mizoram,Lawngtlai,22.577583,92.870277,"Sandstone, siltstone and shale",2018.0,2
MZ/CHA/84E05/2017/5,Mizoram,Champhai,23.753222,93.377281,Sandstoneshale intercalation,2017.0,2
MZ/LAW/84B15/2018/20,Mizoram,Lawngtlai,22.468,92.873001,"Sandstone, siltstone and shale",2018.0,2
MZ/AIZ/83D16/2016/53,Mizoram,Aizawl,24.125294,92.805847,Splintery shale with  siltstone and conglomerate,2016.0,2
MIZ/AIZ/84A09/2016/60,Mizoram,Kolasib,23.9865,92.709806,Sandstone and shale,2016.0,2
MZ/SER/84E03/2017/2,Mizoram,Serchhip,23.456613,93.006652,"Sandstone with subordinate siltstone mudstone, sh",2017.0,2
MZ/LAW/84B15/2018/29,Mizoram,Lawngtlai,22.385,92.858002,"Sandstone, siltstone and shale",2018.0,2
MZ/AIZ/83D16/2016/27,Mizoram,Aizawl,24.220596,92.802961,Splintery shale with  siltstone and conglomerate,2016.0,2
MZ/MAM/84A10/2015/132,Mizoram,Mamit,23.695083,92.570639,"Grey sandy splintery shale, siltstone and mudstone",2015.0,2
MZ/LUN/84A12/2018/58,Mizoram,Lunglei,23.20875,92.538361,Splintery grey shale with thin bands of sandstone & siltstone,2018.0,2
MZ/CHA/84E02/2017/0072,Mizoram,Champhai,23.597403,93.094131,massive sandstone,2017.0,2
MZ/LUN/84B05/2020/31,Mizoram,Lunglei,22.93,92.49,Shale-siltstone sequence with sandstone,2020.0,2
MZ/AIZ/83D16/2016/122,Mizoram,Aizawl,24.199114,92.992916,"Sandstone with subordinate siltstone, mudstone and shale",2016.0,2
MZ/SER/84A15/2016/86,Mizoram,Serchhip,23.486909,92.856282,"Grey sandy splintery shale, siltstone and mudstone",2016.0,2
MZ/KOL/83D12/2016/21,Mizoram,Kolasib,24.239118,92.639369,Ferruginous sandstone with siltstone and clay,2016.0,2
MZ/AIZ/83D16/2016/30,Mizoram,Aizawl,24.229303,92.819002,Splintery shale with  siltstone and conglomerate,2016.0,2
MZ/SER/84E03/2017/7,Mizoram,Serchhip,23.461248,93.012863,"Sandstone with subordinate siltstone mudstone, sh",2017.0,2
MZ/AIZ/84E01/2017/88,Mizoram,Aizawl,23.913445,93.023941,Sandstoneshale intercalation,2017.0,2
MZ/LAW/84B11/2020/52,Mizoram,Lawngtlai,22.41,92.64,"Micaceous sandy shale, siltstone and sandstone",2020.0,2
MZ/CHA/84E02/2017/0117,Mizoram,Champhai,23.63797,93.078826,splintery shale/siltstone,2017.0,2
MZ/CHA/84E02/2017/5,Mizoram,Champhai,23.689282,93.039041,sandstone/shale,2017.0,2
MZ/SAI/84F04/2020/5,Mizoram,Saiha,22.18,93.01,"Sandstone with subordinate siltstone,mudstone, shale",2020.0,2
MZ/LUN/84B13/2018/98,Mizoram,Lunglei,22.903807,92.757401,"Sandstone with subordinate siltstone,mudstone, shale",2018.0,2
MZ/CHA/84E03/2017/72,Mizoram,Champhai,23.387194,93.147806,Olive green splintery shale with minor sandstone,2017.0,2
MZ/LAW/84B16/2020/23,Mizoram,Saiha,22.19,92.98,"Sandstone with subordinate siltstone,mudstone, shale",2020.0,2
MZ/AIZ/83D16/2016/79,Mizoram,Aizawl,24.056205,92.916817,"Grey sandy splintery shale, siltstone and mudstone",2016.0,2
MZ/CHA/84E07/2017/10,Mizoram,Champhai,23.43179,93.339128,"Sequence of sandstone,siltstone and shale",2017.0,2
MZ/LUN/84B13/2018/32,Mizoram,Lunglei,22.834824,92.758766,"Sandstone with subordinate siltstone,mudstone, shale",2018.0,2
MZ/LUN/84B13/2018/47,Mizoram,Lunglei,22.844219,92.955048,"Sandstone with subordinate siltstone,mudstone, shale",2018.0,2
MZ/LUN/84F01/2018/3,Mizoram,Lunglei,22.983683,93.038437,"Grey sandy splintery shale, siltstone and mudstone",2018.0,2
MZ/CHA/84E01/2017/9,Mizoram,Champhai,23.908806,93.180832,Sandstoneshalesiltstone intercalation,2017.0,2
MZ/AIZ/84E01/2017/55,Mizoram,Aizawl,23.777805,93.00489,"Siltstone, shale and sandstone  with coal streaks",2017.0,2
MZ/LUN/84A16/2018/7,Mizoram,Lunglei,23.111578,92.789795,Shale-siltstone,2018.0,2
MZ/AIZ/84A14/2015/85,Mizoram,Aizawl,23.695528,92.884167,"Sandstone with subordinate siltstone, mudstone and shale",2015.0,2
MZ/SAI/84F03/2020/2,Mizoram,Saiha,22.41,93.02,"Sandstone with subordinate siltstone,mudstone, shale",2020.0,2
MZ/SER/84A15/2016/38,Mizoram,Serchhip,23.320815,92.854748,"Grey sandy splintery shale, siltstone and mudstone",2016.0,2
MZ/MAM/84A10/2015/122,Mizoram,Mamit,23.67425,92.587278,"Grey sandy splintery shale, siltstone and mudstone",2015.0,2
MZ/LUN/84A12/2018/48,Mizoram,Lunglei,23.196638,92.679802,Shale-sandstone,2018.0,2
MZ/CHA/84E07/2017/70,Mizoram,Champhai,23.36545,93.377907,Olive green splintery shale with minor sandstone,2017.0,2
MZ/AIZ/84E01/2017/96,Mizoram,Aizawl,23.872055,93.094276,Sandstone,2017.0,2
MZ/AIZ/83D16/2016/67,Mizoram,Aizawl,24.043187,92.77542,Splintery shale with  siltstone and conglomerate,2016.0,2
MZ/LAW/84B11/2020/59,Mizoram,Lawngtlai,22.5,92.68,"Sandstone with subordinate siltstone,mudstone, shale",2020.0,2
MIZ/AIZ/84A13/2016/38,Mizoram,Aizawl,23.822086,92.826497,Sandstone,2016.0,2
MZ/AIZ/83D16/2016/97,Mizoram,Aizawl,24.030416,92.901491,"Sandstone, shale, siltstone and conglomerate",2016.0,2
MZ/LUN/84B13/2018/71,Mizoram,Lunglei,22.872299,92.815971,"Sandstone with subordinate siltstone,mudstone, shale",2018.0,2
MZ/SER/84A15/2016/83,Mizoram,Serchhip,23.448368,92.899862,"Sandstone with subordinate siltstone, mudstone and shale",2016.0,2
MZ/LAW/84B12/2020/1,Mizoram,Lawngtlai,22.24,92.69,"Siltstone, micaceous sandstone & splintery shale",2020.0,2
MZ/LUN/84B10/2020/64,Mizoram,Lunglei,22.7,92.66,Sandstone,2020.0,2
MZ/CHA/84E08/2017/37,Mizoram,Champhai,23.135434,93.368506,"Sandstone, siltstone and shale with conglomerate",2017.0,2
MZ/SAI/84B15/2018/59,Mizoram,Saiha,22.392,92.978996,Sandstone and siltstone,2018.0,2
MZ/LUN/84B13/2018/17,Mizoram,Lunglei,22.804701,92.816734,"Sandstone with subordinate siltstone,mudstone, shale",2018.0,2
MZ/CHA/84E08/2017/7,Mizoram,Champhai,23.237767,93.308461,Ferruginous sandstone with splintery shale,2017.0,2
MZ/CHA/84E03/2017/65,Mizoram,Champhai,23.378571,93.218843,"Sequence of sandstone, splintery shale & siltstone",2017.0,2
MZ/KOL/83D15/2020/39,Mizoram,Kolasib,24.36,92.83,"Shale, siltstone and mudstone with sandstone",2020.0,2
MZ/KOL/83D15/2020/32,Mizoram,Kolasib,24.35,92.85,"Sandstone, shale, siltstone and conglomerate",2020.0,2
MZ/LUN/84A16/2018/68,Mizoram,Lunglei,23.07859,92.870544,Sandstone,2018.0,2
MZ/SER/84F01/2018/6,Mizoram,Serchhip,23.124069,93.145889,Olive green splintery shale with minor sandstone,2018.0,2
MZ/AIZ/84A14/2015/102,Mizoram,Aizawl,23.655417,92.957167,"Sandstone with subordinate siltstone, mudstone and shale",2015.0,2
MZ/LAW/84B14/2018/22,Mizoram,Lawngtlai,22.586,92.870003,"Sandstone, siltstone and shale",2018.0,2
MZ/CHA/84E07/2017/89,Mizoram,Champhai,23.379812,93.384813,Olive green splintery shale with minor sandstone,2017.0,2
MZ/CHA/84E02/2017/11,Mizoram,Champhai,23.636647,93.082939,snadstone/shale,2017.0,2
MZ/CHA/84E02/2017/22,Mizoram,Champhai,23.517632,93.075702,Dominantly sandstone,2017.0,2
MZ/LAW/84B11/2020/56,Mizoram,Lawngtlai,22.45,92.7,"Siltstone, micaceous sandstone & splintery shale",2020.0,2
MIZ/AIZ/84A09/2016/59,Mizoram,Kolasib,23.982,92.718028,Sandstone and shale,2016.0,2
MZ/CHA/84E03/2017/55,Mizoram,Champhai,23.487306,93.192778,Olive green splintery shale with minor sandstone,2017.0,2
MZ/CHA/84E02/2017/0096,Mizoram,Champhai,23.696979,93.041829,sandstone/shale,2017.0,2
MZ/AIZ/83H04/2017/10,Mizoram,Aizawl,24.038279,93.140945,Sandstone,2017.0,2
MZ/LUN/84B13/2018/67,Mizoram,Lunglei,22.869579,92.824974,"Sandstone with subordinate siltstone,mudstone, shale",2018.0,2
MIZ/AIZ/84A09/2016/80,Mizoram,Aizawl,23.750676,92.679635,Shale,2016.0,2
MZ/MAM/83D08/2020/18,Mizoram,Mamit,24.14,92.41,"Sandstone, shale, siltstone and conglomerate",2020.0,2
MZ/KOL/83D15/2020/35,Mizoram,Kolasib,24.36,92.88,"Shale, siltstone and mudstone with sandstone",2020.0,2
MZ/LUN/84B05/2020/30,Mizoram,Lunglei,22.93,92.48,Shale-siltstone sequence with sandstone,2020.0,2
MZ/LUN/84B09/2018/22,Mizoram,Lunglei,22.969294,92.729332,"Grey sandy splintery shale, siltstone and mudstone",2018.0,2
MZ/CHA/84E02/2017/0067,Mizoram,Champhai,23.56952,93.100523,sandstone with shale intercalation,2017.0,2
MZ/LUN/84A12/2018/15,Mizoram,Lunglei,23.005594,92.703522,Sandstone,2018.0,2
MZ/LUNG/84B14/2018/26,Mizoram,Lunglei,22.691,92.841003,Sandstone and siltstone,2018.0,2
MZ/LUN/84A16/2018/58,Mizoram,Lunglei,23.004421,92.988426,Grey shale with sandy/silty layer,2018.0,2
MZ/AIZ/84E01/2017/70,Mizoram,Aizawl,23.856972,93.046112,Friable Sandstone,2017.0,2
MZ/LAW/84B16/2020/7,Mizoram,Saiha,22.22,92.96,"Sandstone with subordinate siltstone,mudstone, shale",2020.0,2
MZ/LUN/84A16/2018/22,Mizoram,Lunglei,23.083004,92.898277,Shale-sandstone,2018.0,2
MIZO/LUN/84B13/2005/E-14,Mizoram,Lunglei,22.87506,92.75136, ,2005.0,2
MZ/LUNG/84B14/2018/10,Mizoram,Lunglei,22.683001,92.882004,"Sandstone, siltstone and shale",2018.0,2
MZ/LUN/84B09/2018/16,Mizoram,Lunglei,22.886652,92.724503,"Grey sandy splintery shale, siltstone and mudstone",2018.0,2
MZ/CHA/84E02/2017/0081,Mizoram,Champhai,23.640693,93.084944,shaledominant with siltstone intercalation,2017.0,2
MZ/AIZ/84A14/2015/76,Mizoram,Aizawl,23.732894,92.753033,"Sandstone with subordinate siltstone, mudstone and shale",2015.0,2
MIZ/AIZ/84A13/2016/30,Mizoram,Aizawl,23.887333,92.851111,Sandstone,2016.0,2
MIZ/AIZ/84A13/2016/9,Mizoram,Aizawl,23.92425,92.925222,Splintery shale,2016.0,2
MZ/AIZ/84A10/2015/74,Mizoram,Aizawl,23.727694,92.736,"Grey sandy splintery shale, siltstone and mudstone",2015.0,2
MZ/CHA/84E03/2017/39,Mizoram,Champhai,23.474056,93.225889,"Sandstone, shale, siltstone with conglomerate",2017.0,2
MZ/SER/84A15/2016/88,Mizoram,Serchhip,23.497388,92.855013,"Grey sandy splintery shale, siltstone and mudstone",2016.0,2
MZ/CHA/84E07/2017/37,Mizoram,Champhai,23.468508,93.270788,Olive green splintery shale with minor sandstone,2017.0,2
MZ/LUN/84A12/2018/72,Mizoram,Lunglei,23.145,92.613693,Hard massive sandstone-shale-mudstone,2018.0,2
MIZ/AIZ/84A13/2016/24,Mizoram,Aizawl,23.88375,92.866778,Shale,2016.0,2
MIZ/AIZ/84A09/2016/85,Mizoram,Mamit,23.846786,92.655892,Hard & compact Sandstone,2016.0,2
MZ/SAI/84F03/2020/28,Mizoram,Saiha,22.45,93.09,"Sandstone with subordinate siltstone,mudstone, shale",2020.0,2
MZ/CHA/84E02/2017/0010,Mizoram,Champhai,23.612312,93.198942,Sandstone of Jenam,2017.0,2
MZ/SER/84A15/2016/72,Mizoram,Serchhip,23.44129,92.865395,"Grey sandy splintery shale, siltstone and mudstone",2016.0,2
MZ/MAM/84A10/2015/140,Mizoram,Mamit,23.500083,92.585889,"Grey sandy splintery shale, siltstone and mudstone",2015.0,2
MZ/AIZ/83D16/2016/60,Mizoram,Aizawl,24.07814,92.790905,Splintery shale with  siltstone and conglomerate,2016.0,2
MZ/CHA/84E01/2017/48,Mizoram,Champhai,23.885279,93.207726,Sandstone,2017.0,2
MZ/CHA/83H04/2017/12,Mizoram,Champhai,24.023945,93.195663,Sandstoneshale intercalation,2017.0,2
MIZ/AIZ/84A13/2016/4,Mizoram,Aizawl,23.844109,92.928779,Sandstone,2016.0,2
MZ/CHA/84E03/2017/47,Mizoram,Champhai,23.476694,93.238556,"Sandstone, shale, siltstone with conglomerate",2017.0,2
MZ/AIZ/83D16/2016/100,Mizoram,Aizawl,24.013044,92.920237,"Grey sandy splintery shale, siltstone and mudstone",2016.0,2
MZ/LAW/84B14/2018/41,Mizoram,Lawngtlai,22.533001,92.886002,Sandstone and siltstone,2018.0,2
MZ/AIZ/84E02/2017/39,Mizoram,Aizawl,23.685795,93.019874,sandstone,2017.0,2
MZ/AIZ/84E01/2017/104,Mizoram,Aizawl,23.789749,93.035667,Shalesiltstonesandstone intercalation,2017.0,2
MZ/CHA/84E03/2017/51,Mizoram,Champhai,23.341194,93.080389,Shale  with minor siltstone and sandstone,2017.0,2
NG/PHE/83K14/2017/22,Nagaland,Phek,25.570222,94.877278,Quartzite of Avankhu Fm.,2017.0,2
NGP/ER/83G14/2015/21,Nagaland,Peren,25.531,93.762,Sandstone dominated Barails,2015.0,2
NA/DIM/83G13/2020/50,Nagaland,Dimapur,25.86,93.99,"Mottled clay, sandy clay, sandstone & conglomerate",2020.0,2
NG/PHE/83K10/2017/28,Nagaland,Phek,25.668417,94.543194,Shale of Disang,2017.0,2
NAG/MOK/83J/7/2016/0009,Nagaland,Mokokchung,26.320639,94.398806,Sandstone,2016.0,2
NA/MOK/83J07/2020/7,Nagaland,Mokokchung,26.41,94.37,Ferruginous sandstone with siltstone and clay,2020.0,2
NAG/MOKH/83J08/2015/ 0110,Nagaland,Mokokchung,26.325861,94.52275,Sandstone and shale,2015.0,2
NG/KOH/83K2/2015/196,Nagaland,Kohima,25.698,94.085,Variably thin overburden (2-3m) resting over weathered shales (Disangs).,2015.0,2
NG/KOH/83K2/2015/225,Nagaland,Kohima,25.582,94.141,Shale dominated Disangs,2015.0,2
NG/PHE/83K10/2017/11,Nagaland,Phek,25.611028,94.747167,Volcanics of Ophiolite suites,2017.0,2
NG/MON/83N01/2017/64,Nagaland,Mon,26.84425,95.080278,Shale,2017.0,2
NG/PHE/83K6/2015/310,Nagaland,Phek,25.6702,94.456,Shale dominated Disangs,2015.0,2
NL/WOK/83F16/2018/11,Nagaland,Wokha,26.0034,93.9855,Buff coloured sandstone,2018.0,2
NAG/KOH/83K1/2016/072,Nagaland,Kohima,25.839722,94.050333,No exposure,2016.0,2
NG/MON/83N2/2017/25,Nagaland,Mon,26.731944,95.018361,Not exposed,2017.0,2
NG/PHE/83K14/2017/32,Nagaland,Phek,25.593333,94.855194,QuartziteSericite of Nimi Fm.,2017.0,2
NAG/KIP/83K13/2016/085,Nagaland,Kiphire,25.878525,94.947372,Serpentinite,2016.0,2
NAG/TUE/83J15/2009/F-10,Nagaland,Tuensang,26.38778,94.82583,Shale and sandstone (Disang Group) of Tertiary age,2009.0,2
NG/PHE/83K2/2015/198,Nagaland,Phek,25.665,94.247,"Varaibly weathered, splintery shales",2015.0,2
NG/PRN/83G7/2017/7,Nagaland,Peren,25.288472,93.489611,Ferruginous sandstone with siltstone and clay of Tipam sandstone Formation belonging to Tipam Group of rocks.,2017.0,2
NG/MON/83N3/2017/3,Nagaland,Mon,26.4285,95.0185,Not exposed,2017.0,2
NG/MON/83N2/2017/26,Nagaland,Mon,26.730222,95.02025,Not exposed,2017.0,2
NAG/ZUN/83K5/2016/017,Nagaland,Zunheboto,25.917361,94.452556,Sandstone and shale,2016.0,2
NG/TUE/83N4/2017/13,Nagaland,Tuensang,26.242944,95.048417,Shale,2017.0,2
NG/PHE/83K10/2017/3,Nagaland,Phek,25.662222,94.719444,Shale intercalated with sandstone,2017.0,2
NG/MON/83N2/2017/21,Nagaland,Mon,26.694917,95.07275,Not exposed,2017.0,2
NG/PHE/83K10/2017/4,Nagaland,Phek,25.653361,94.734333,Volcanics of Ophiolite suites,2017.0,2
NAG/ZUN/83K5/2016/011,Nagaland,Zunheboto,25.952722,94.430278,Sandstone and shale,2016.0,2
NAG/ZUN/83K5/2016/021,Nagaland,Zunheboto,25.862222,94.450333,Shale,2016.0,2
NAG/KIP/83K13/2016/003,Nagaland,Kiphire,25.834436,94.795519,Weathered shale,2016.0,2
NG/PHE/83K14/2017/10,Nagaland,Phek,25.583694,94.785639,Mafic/Ultramafic of Ophiolite suites,2017.0,2
NAG/WOKH/83J08/2015/0012,Nagaland,Wokha,26.0885,94.263944,Dominantly weathered Sandstone with Shale bands,2015.0,2
NA/DIM/83G13/2020/11,Nagaland,Dimapur,25.75,93.97,Barail Group,2020.0,2
NAG/KIP/83K13/2016/039,Nagaland,Kiphire,25.883108,94.919106,Sandstone with intercalation of shale,2016.0,2
NAG/KIP/83K13/2016/002,Nagaland,Kiphire,25.797781,94.770447,Weathered shale,2016.0,2
NAG/WOK/83J/4/2016/0034,Nagaland,Wokha,26.206528,94.223333,Sandstone,2016.0,2
NA/MOK/83J07/2020/4,Nagaland,Mokokchung,26.43,94.38,"Mottled clay, mudstone & ferruginous sandstone",2020.0,2
NG/PHE/83K14/2017/66,Nagaland,Phek,25.657361,94.750278,Volcanics of Ophiolite suites,2017.0,2
NG/MON/83N2/2017/39,Nagaland,Mon,26.57625,95.095842,Shale,2017.0,2
NAG/ZUN/83K5/2016/014,Nagaland,Zunheboto,25.91775,94.415028,Shale,2016.0,2
NG/MON/83J15/2017/12,Nagaland,Mon,26.359722,94.935556,Weathered Shale dominent,2017.0,2
NAG/ZUN/83K09/2016/117,Nagaland,Kiphire,25.836419,94.526964,Shale,2016.0,2
NG/PHE/83K6/2015/293,Nagaland,Phek,25.623,94.354,Shale dominated Disangs,2015.0,2
NAG/ZUN/83J12/2017/0079,Nagaland,Zunheboto,26.194204,94.554867,Shale,2017.0,2
NAG/WOK/83J/4/2016/0060,Nagaland,Wokha,26.211028,94.241389,Sandstone,2016.0,2
NAG/PER/83G11/2017/0134,Nagaland,Peren,25.29725,93.630083, ,2017.0,2
NG/TUE/83N4/2017/18,Nagaland,Tuensang,26.24325,95.073167,Not exposed,2017.0,2
NAG/WOK/83J/4/2016/0087,Nagaland,Wokha,26.084444,94.09,Friable sandstone with thin bands of shale,2016.0,2
NG/NOK/83N04/2017/27,Nagaland,Noklak,26.174472,95.027972,Shle,2017.0,2
NG/PHE/83K14/2017/61,Nagaland,Phek,25.604444,94.76,Mafics/Ultramafics cummulates of Ophiolite suites,2017.0,2
NG/KOH/83K2/2015/208,Nagaland,Kohima,25.61,94.139,Colluvium,2015.0,2
NA/PER/83G10/2020/9,Nagaland,Peren,25.53,93.74,"Shale, siltstone, greywacke rhythmite and fossils",2020.0,2
NAG/MOK/83J/7/2016/0015,Nagaland,Mokokchung,26.389028,94.434556,Shale and sandstone,2016.0,2
NG/NOK/83N04/2017/35,Nagaland,Noklak,26.165972,95.021667,Shale,2017.0,2
NAG/PHK/83K5/2016/033,Nagaland,Phek,25.802361,94.430556,Sandstone/Shale and black shale,2016.0,2
NAG/KOH/83K1/2016/083,Nagaland,Kohima,25.854417,94.15525,No exposure,2016.0,2
NG/PHE/83K6/2015/275,Nagaland,Phek,25.707,94.466,Shale dominated Disangs,2015.0,2
NAG/TUEN/83J11/2015/ 0123,Nagaland,Tuensang,26.372667,94.71375,Shale,2015.0,2
NAG/ZUN/83K09/2016/048,Nagaland,Kiphire,25.956083,94.719475,Shale,2016.0,2
NAG/KIP/83K13/2016/112,Nagaland,Kiphire,25.971456,94.818392,Shale,2016.0,2
NG/KOH/83K2/2015/166,Nagaland,Kohima,25.666,94.09,Tertiary sedimentary rocks [weathered shale with siltstone and clay intercalations of Upper Disang Formation (Disang Group)].,2015.0,2
NA/DIM/83G13/2020/36,Nagaland,Dimapur,25.8,93.81,"Sandstone, shale, siltstone and conglomerate",2020.0,2
NAG/PHK/83K5/2016/029,Nagaland,Phek,25.763833,94.479889,Shale,2016.0,2
NG/KOH/83K2/2015/68,Nagaland,Kohima,25.722,94.081,Variably thin overburden (1.5-2m) resting over highly weathered shales (Disangs).,2015.0,2
NAG/WOK/83J/4/2016/0115,Nagaland,Wokha,26.232944,94.130639, ,2016.0,2
NL/KOH/83K02/2014/46,Nagaland,Kohima,25.65072,94.03294,Sandstone beds (thick) with intercalated thin shale beds belonging to Barials formation.,2014.0,2
NG/PHE/83K10/2017/33,Nagaland,Phek,25.502583,94.661194,Ultramafic cummulates,2017.0,2
NG/PHE/83K6/2015/266,Nagaland,Phek,25.667,94.254,Shale dominated Disangs,2015.0,2
NG/KOH/83K2/2015/143,Nagaland,Kohima,25.696,94.079,Colluvium,2015.0,2
NAG/KOH/83K1/2016/087,Nagaland,Kohima,25.907167,94.041583,Sandstone,2016.0,2
NG/PHE/83K6/2015/319,Nagaland,Phek,25.67,94.382,Shale dominated Disangs,2015.0,2
NL/KOH/83K01/2014/49,Nagaland,Kohima,25.83986,94.15528,Variably weathered shale with alternating thin bands of sandstone belonging to Disang group.,2014.0,2
NG/NOK/83N04/2017/47,Nagaland,Noklak,26.093083,95.036278,Shale,2017.0,2
NAG/ZUN/83K09/2016/118,Nagaland,Kiphire,25.833644,94.518333,Shale,2016.0,2
NAG/ZUN/83J12/2017/0076,Nagaland,Zunheboto,26.191463,94.549524,Weathered shale,2017.0,2
NG/KOH/83K2/2015/238,Nagaland,Kohima,25.747,94.075,"Varaibly thick, clay-rich overburden and palaeoslide debris resting over highly weathered shales of Disang Group",2015.0,2
NAG/ZUN/83K09/2016/127,Nagaland,Kiphire,25.9899,94.5679,Shale,2016.0,2
NAG/WOKH/83J08/2015/0022,Nagaland,Wokha,26.123806,94.294889,Sandstone with siltstone,2015.0,2
NG/PHE/83K6/2015/333,Nagaland,Phek,25.625,94.345,Shale dominated Disangs,2015.0,2
NG/TUE/83J15/2017/24,Nagaland,Tuensang,26.275,94.770278,Shale dominated with Sandstone,2017.0,2
NAG/KIP/83K13/2016/077,Nagaland,Kiphire,25.814897,94.970297,Shale,2016.0,2
NG/PHE/83K6/2015/261,Nagaland,Phek,25.552,94.36,Shale dominated Disangs,2015.0,2
NG/LON/83J15/2017/27,Nagaland,Longleng,26.491389,94.824444,shale dominant,2017.0,2
NAG/ZUN/83K09/2016/047,Nagaland,Kiphire,25.968233,94.684364,Weathered shale,2016.0,2
NG/KOH/83K2/2015/103,Nagaland,Kohima,25.63,94.014,Sandstone dominated Barails,2015.0,2
NG/MON/83J14/2017/22,Nagaland,Mon,26.541389,94.946389,sandstone dominant with shale,2017.0,2
NAG/WOK/83J/4/2016/0107,Nagaland,Wokha,26.0225,94.004444,Sandstone,2016.0,2
NA/PER/83G10/2020/12,Nagaland,Peren,25.5,93.67,"Shale, siltstone, greywacke rhythmite & sandstone",2020.0,2
NG/KOH/83K2/2015/224,Nagaland,Kohima,25.66,94.096,Overburden (thick) resting over dark grey splintery shales of Disangs,2015.0,2
NG/KOH/83K2/2015/129,Nagaland,Kohima,25.694,94.103,Shale dominated Disangs,2015.0,2
NAG/KIP/83K13/2016/031,Nagaland,Kiphire,25.896244,94.758128,Sandstone with intercalation of shale,2016.0,2
NG/MON/83N01/2017/15,Nagaland,Mon,26.768667,95.086222,Shale,2017.0,2
NAG/WOK/83J/4/2016/0076,Nagaland,Wokha,26.143722,94.151111,Sandstone and shale,2016.0,2
NG/NOK/83N04/2017/49,Nagaland,Noklak,26.069278,95.023806,Not exposed,2017.0,2
NG/NOK/83N04/2017/24,Nagaland,Noklak,26.196222,95.020722,Shale,2017.0,2
NA/DIM/83G13/2020/46,Nagaland,Dimapur,25.79,93.78,"Conglomerate with sandy loam, kankar & sandy clay",2020.0,2
NAG/TUN/83J16/2016/0028,Nagaland,Tuensang,26.182216,94.891382,Sandstone and shale,2016.0,2
NG/MON/83J15/2017/10,Nagaland,Mon,26.337778,94.929167,Shale dominent with Silt and sandstone,2017.0,2
NG/KOH/83K2/2015/234,Nagaland,Kohima,25.744,94.242,Colluvium,2015.0,2
NG/MON/83N01/2017/45,Nagaland,Mon,26.825,95.076778,Shale,2017.0,2
NG/PHE/83K6/2015/307,Nagaland,Phek,25.552,94.289,Sandstone dominated Barails,2015.0,2
NG/PHE/83K6/2015/334,Nagaland,Phek,25.744,94.337,Shale dominated Disangs,2015.0,2
NAG/KOH/83K1/2016/104,Nagaland,Kohima,25.952861,94.021028,"Sandstone, Siltstone and Shale",2016.0,2
NG/PHE/83K6/2015/263,Nagaland,Phek,25.571,94.253,Shale dominated Disangs,2015.0,2
NG/KOH/83K2/2015/232,Nagaland,Kohima,25.673,94.239,Soil cover,2015.0,2
NG/KOH/83K2/2015/236,Nagaland,Kohima,25.623,94.113,Shale dominated Disangs,2015.0,2
NAG/KIP/83K13/2016/025,Nagaland,Kiphire,25.829728,94.792592,Weathered shale,2016.0,2
NG/PHE/83K6/2015/340,Nagaland,Phek,25.6975,94.43,Sandstone dominated Barails,2015.0,2
NG/KOH/83K2/2015/136,Nagaland,Kohima,25.682,94.094,Colluvium,2015.0,2
NG/MON/83N01/2017/16,Nagaland,Mon,26.768833,95.086194,Shale,2017.0,2
NG/PHE/83K10/2017/23,Nagaland,Phek,25.591833,94.595278,Shale of Disang,2017.0,2
NAG/ZUN/83J12/2016/0055,Nagaland,Zunheboto,26.031786,94.634392,Shale,2016.0,2
NAG/KOH/83K1/2016/135,Nagaland,Kohima,25.781919,94.171169, ,2016.0,2
NAG/WOKH/83J08/2015/0050,Nagaland,Wokha,26.192667,94.282194,Shale,2015.0,2
NAG/WOKH/83J08/2015/0004,Nagaland,Wokha,26.067194,94.317611,Weathered Shale-Siltstone is the exposed rock type in the area.,2015.0,2
NAG/ZUN/83J12/2016/0014,Nagaland,Zunheboto,26.085597,94.559075,Sandstone and shale,2016.0,2
NAG/KIP/83K13/2016/020,Nagaland,Kiphire,25.893797,94.821944,Sandstone with intercalation of shale,2016.0,2
NAG/KIP/83K13/2016/053,Nagaland,Kiphire,25.786425,94.796303,Shale,2016.0,2
NG/KOH/83K2/2015/33,Nagaland,Kohima,25.677,94.08,Variably thin overburden (2-3m) resting over sandstones with minor shale and siltstone intercalation (Barails).,2015.0,2
NG/KOH/83K2/2015/228,Nagaland,Kohima,25.743,94.242,Colluvium,2015.0,2
NAG/WOK/83J/4/2016/0111,Nagaland,Wokha,26.230083,94.198, ,2016.0,2
NAG/KIP/83K13/2016/086,Nagaland,Kiphire,25.881489,94.962525,Serpentinite,2016.0,2
NG/PHE/83K10/2017/34,Nagaland,Phek,25.505833,94.653806,Ultramafic cummulates,2017.0,2
NG/MON/83N01/2017/61,Nagaland,Mon,26.841667,95.079333,Shale,2017.0,2
NG/PHE/83K14/2017/54,Nagaland,Phek,25.554167,94.760944,"Tuffaceous grwywacke, lithicfeldspathic arenite (Pokhpur Fm)",2017.0,2
NG/NOK/83N04/2017/26,Nagaland,Noklak,26.176111,95.023639,Shale,2017.0,2
NG/LON/83J15/2017/33,Nagaland,Longleng,26.434722,94.863056,sandstone dominant with shale,2017.0,2
NG/TUE/83N4/2017/14,Nagaland,Tuensang,26.24075,95.056722,Not exposed,2017.0,2
NG/PHE/83K2/2015/61,Nagaland,Phek,25.619,94.206,"Varaibly thin, clay-rich overburden resting over highly weathered shales of Disang Group",2015.0,2
NL/WOK/83F16/2018/8,Nagaland,Wokha,26.0044,93.9789,Weathered buff coloured sandstone,2018.0,2
NAG/PHK/83K5/2016/037,Nagaland,Phek,25.760111,94.366528,No exposure,2016.0,2
NG/PHE/83K10/2017/1,Nagaland,Phek,25.667,94.718944,Shale,2017.0,2
NAG/MOK/83J/7/2016/0017,Nagaland,Mokokchung,26.395139,94.451194,Shale,2016.0,2
NAG/ZUNH/83J08/2015/ 0076,Nagaland,Zunheboto,26.232694,94.473083,Shale and Sandstone,2015.0,2
NAG/KOH/83K1/2016/054,Nagaland,Kohima,25.750583,94.180833,No exposure,2016.0,2
NAG/WOKH/83J08/2015/0025,Nagaland,Wokha,26.088361,94.264222,Sandstone and shale,2015.0,2
NAG/KOH/83K1/2016/007,Nagaland,Kohima,25.840361,94.152167,No exposure,2016.0,2
NAG/ZUN/83K09/2016/105,Nagaland,Kiphire,25.964283,94.619592,Shale,2016.0,2
NA/DIM/83G13/2020/47,Nagaland,Dimapur,25.78,93.82,Ferruginous sandstone with siltstone and clay,2020.0,2
NG/PRN/83G07/2017/9,Nagaland,Peren,25.40975,93.475944,"Shale, flaggy sandstone and calcareous rocks belonging to Disang",2017.0,2
NAG/MOKH/83J08/2015/ 0115,Nagaland,Mokokchung,26.429361,94.623,Sandstone and shale,2015.0,2
NG/MON/83N2/2017/16,Nagaland,Mon,26.723,95.029139,Sand stone,2017.0,2
NA/DIM/83G13/2020/13,Nagaland,Dimapur,25.77,93.91,Flaggy sandstone with subordinate shale,2020.0,2
NG/MON/83N01/2017/39,Nagaland,Mon,26.820806,95.077889,Shale (laminated),2017.0,2
NG/PHE/83K6/2015/248,Nagaland,Phek,25.546,94.274,Sandstone dominated Barails,2015.0,2
NAG/ZUN/83K09/2016/091,Nagaland,Kiphire,25.879925,94.632275,Shale,2016.0,2
NG/MON/83N01/2017/23,Nagaland,Mon,26.785722,95.071889,Shale,2017.0,2
NG/MOK/83J10/2017/25,Nagaland,Mokukchung,26.66725,94.614028,Sandstone,2017.0,2
NAG/WOK/83J/4/2016/0050,Nagaland,Wokha,26.235278,94.215556,Sandstone,2016.0,2
NAG/ZUNH/83J08/2015/ 0075,Nagaland,Zunheboto,26.232556,94.472889,Shale and Sandstone,2015.0,2
NL/KOH/83K02/2014/29,Nagaland,Kohima,25.68375,94.12436,Tertiary sedimentary sequence (mainly grey splintery shale belonging to Disang formation),2014.0,2
NG/PER/83G14/2015/27,Nagaland,Peren,25.629,93.855,Sandstone and shale,2015.0,2
NAG/ZUN/83K09/2016/119,Nagaland,Kiphire,25.851617,94.528211,Shale,2016.0,2
NG/KOH/83K2/2015/113,Nagaland,Kohima,25.649,94.121,Shale dominated Disangs,2015.0,2
NG/MON/83N01/2017/33,Nagaland,Mon,26.813917,95.075667,Shale,2017.0,2
NG/PER/83G14/2015/17,Nagaland,Peren,25.576,93.783,Sandstone dominated Barails,2015.0,2
NG/PHE/83K6/2015/325,Nagaland,Phek,25.696,94.426,Sandstone dominated Barails,2015.0,2
NAG/KOH/83K1/2016/114,Nagaland,Kohima,25.880083,94.234167,Shale,2016.0,2
NG/MOK/83J10/2017/6,Nagaland,Mokukchung,26.673639,94.744139,Shale,2017.0,2
NAG/WOK/83J/4/2016/0030,Nagaland,Wokha,26.216583,94.240556,Sandstone,2016.0,2
NG/NOK/83N04/2017/54,Nagaland,Noklak,26.045083,95.054833,Not exposed,2017.0,2
NAG/ZUNH/83J08/2015/ 0064,Nagaland,Zunheboto,26.073194,94.482139,Weathered shale,2015.0,2
NAG/KOH/83K1/2016/053,Nagaland,Kohima,25.78875,94.234111,Shale,2016.0,2
NG/KOH/83K2/2015/164,Nagaland,Kohima,25.701,94.089,Compacted debris,2015.0,2
NAG/ZUN/83K09/2016/103,Nagaland,Kiphire,25.958047,94.597519,Shale,2016.0,2
NL/WOK/83F16/2018/4,Nagaland,Wokha,26.0043,93.9803,Ferruginous sandstone,2018.0,2
NAG/KOH/83K02/2008/F-4(A),Nagaland,Kohima,25.66917,94.10722, ,2008.0,2
NAG/KIP/83K13/2016/073,Nagaland,Kiphire,25.755936,94.846033,Ultramafics,2016.0,2
NAG/WOK/83J/4/2016/0042,Nagaland,Wokha,26.208417,94.204389,Shale and siltstone,2016.0,2
NG/TUE/83J15/2017/38,Nagaland,Tuensang,26.305833,94.875833,Shale dominant with sandstone,2017.0,2
NAG/WOK/83J/4/2016/0055,Nagaland,Wokha,26.23675,94.209639,Friablle sandstone,2016.0,2
NAG/WOKH/83J08/2015/0008,Nagaland,Wokha,26.026389,94.331722,Weathered shale,2015.0,2
NG/KOH/83K2/2015/175,Nagaland,Kohima,25.696,94.104,Shale dominated Disangs,2015.0,2
NG/KOH/83K2/2015/140,Nagaland,Kohima,25.645,94.034,Sandstone dominated Barails,2015.0,2
NAG/WOK/83J/4/2016/0088,Nagaland,Wokha,26.055011,94.044322, ,2016.0,2
NG/PER/83G14/2015/6,Nagaland,Peren,25.578,93.805,Sandstone dominated Barails,2015.0,2
NAG/WOK/83J/4/2016/0049,Nagaland,Wokha,26.234722,94.21525,Colluvium,2016.0,2
NAG/ZUN/83J12/2016/0022,Nagaland,Zunheboto,26.110135,94.870921,Sandstone and shale,2016.0,2
NG/KOH/83K2/2015/229,Nagaland,Kohima,25.585,94.137,Shale dominated Disangs,2015.0,2
NG/MON/83N2/2017/60,Nagaland,Mon,26.639472,95.075083,Shale,2017.0,2
NAG/KOH/83K1/2016/082,Nagaland,Kohima,25.850667,94.154667,No exposure,2016.0,2
NG/PHE/83K14/2017/43,Nagaland,Phek,25.623364,94.819272,Volcanics of Ophiolite suites,2017.0,2
NAG/ZUN/83K5/2016/019,Nagaland,Zunheboto,25.854278,94.432472,Sandstone and shale,2016.0,2
NG/KOH/83K2/2015/49,Nagaland,Kohima,25.691,94.121,Variably thin overburden resting over Tertiary sedimentary sequence.,2015.0,2
NG/TUE/83N4/2017/5,Nagaland,Tuensang,26.21475,95.010667,Not exposed,2017.0,2
NG/PHE/83K6/2015/299,Nagaland,Phek,25.566,94.258,Shale dominated Disangs,2015.0,2
NG/KOH/83K2/2015/88,Nagaland,Kohima,25.672,94.101,Tertiary sedimentary sequence (mainly grey splintery shale),2015.0,2
NAG/KOH/83K02/2007/F-1,Nagaland,Kohima,25.63861,94.115, ,2007.0,2
NG/KOH/83K2/2015/205,Nagaland,Kohima,25.571,94.166,Shale dominated Disangs,2015.0,2
NAG/ZUN/83J12/2016/0069,Nagaland,Zunheboto,26.086444,94.564667,Shale,2016.0,2
NG/PHE/83K6/2015/338,Nagaland,Phek,25.681,94.387,Shale dominated Disangs,2015.0,2
NAG/KIP/83K13/2016/056,Nagaland,Kiphire,25.828928,94.898075,Serpentinite,2016.0,2
NG/PHE/83K14/2017/8,Nagaland,Phek,25.588389,94.78825,Mafic/Ultramafic of Ophiolite suites,2017.0,2
NAG/ZUNH/83J08/2015/ 0079,Nagaland,Zunheboto,26.159667,94.4995,Weathered shale,2015.0,2
NG/PHE/83K14/2017/19,Nagaland,Phek,25.561903,94.778178,Volcanics of Ophiolite suites,2017.0,2
NG/KOH/83K2/2015/237,Nagaland,Kohima,25.679,94.07,Shale dominated Disangs,2015.0,2
NG/KOH/83K2/2015/194,Nagaland,Kohima,25.661,94.054,Sandstone dominated Barails,2015.0,2
NL/KOH/83K02/2014/23,Nagaland,Kohima,25.71092,94.09306,Tertiary sedimentary sequence (mainly grey splintery shale),2014.0,2
NG/MON/83N01/2017/14,Nagaland,Mon,26.767972,95.087028, ,2017.0,2
NG/MON/83N01/2017/31,Nagaland,Mon,26.794472,95.072722,Shale,2017.0,2
NG/MON/83N2/2017/3,Nagaland,Mon,26.728556,95.032306,Not exposed,2017.0,2
NAG/WOK/83J/4/2016/0046,Nagaland,Wokha,26.222306,94.214056,Carbonaceous shale with coal seams,2016.0,2
NAG/KOH/83K1/2016/162,Nagaland,Kohima,25.804972,94.241086, ,2016.0,2
NAG/WOKH/83J08/2015/0020,Nagaland,Wokha,26.103667,94.363139,Weathered shale,2015.0,2
NAG/KIP/83K13/2016/058,Nagaland,Kiphire,25.827106,94.907639,Serpentinite,2016.0,2
NG/PHE/83K6/2015/268,Nagaland,Phek,25.549,94.286,Sandstone dominated Barails,2015.0,2
NG/NOK/83N04/2017/45,Nagaland,Noklak,26.112611,95.039028,Shale,2017.0,2
NG/TUE/83N4/2017/1,Nagaland,Tuensang,26.207833,95.001083,Shale,2017.0,2
NAG/TUN/83J16/2016/0047,Nagaland,Tuensang,26.178889,94.638139,Shale,2016.0,2
NG/PHE/83K14/2017/64,Nagaland,Phek,25.660583,94.755389,Volcanics of Ophiolite suites,2017.0,2
NG/MON/83N2/2017/6,Nagaland,Mon,26.724639,95.031528,Not exposed,2017.0,2
NG/PHE/83K14/2017/68,Nagaland,Phek,25.680167,94.837944,Volcanics of Ophiolite suites,2017.0,2
NG/NOK/83N04/2017/53,Nagaland,Noklak,26.041611,95.075806,Ophiolite,2017.0,2
NL/MOK/83J10/2014/05,Nagaland,Mokokchung,26.70069,94.64383,"Ferruginous sandstone (thick bedded, medium to coarse grained) belonging to Tipam Group with clayey regolith soil.",2014.0,2
NAG/WOK/83J/4/2016/0102,Nagaland,Wokha,26.011389,94.022722, ,2016.0,2
NG/PHE/83K2/2015/130,Nagaland,Phek,25.622,94.212,"Varaibly thin, clay-rich overburden resting over highly weathered shales of Disang Group",2015.0,2
NAG/ZUN/83J12/2017/0083,Nagaland,Zunheboto,26.182283,94.586087,Sandstone,2017.0,2
NG/TUE/83J15/2017/6,Nagaland,Tuensang,26.261111,94.809444,Shale,2017.0,2
NG/KOH/83K2/2015/146,Nagaland,Phek,25.684,94.246,Colluvium,2015.0,2
NG/MOK/83J10/2017/3,Nagaland,Mokukchung,26.673278,94.743833,Shale,2017.0,2
NG/TUE/83J15/2017/18,Nagaland,Tuensang,26.300556,94.844722,shale dominant,2017.0,2
NG/MOK/83J10/2017/18,Nagaland,Mokukchung,26.635667,94.703611,Fine grained thinly bedded pink sandstone,2017.0,2
NAG/KOH/83K1/2016/118,Nagaland,Kohima,25.896389,94.203556,No exposure,2016.0,2
NG/PHE/83K14/2017/24,Nagaland,Phek,25.581944,94.858139,Feldspathic Quartzite of Nimi Fm.,2017.0,2
NAG/WOKH/83J08/2015/0014,Nagaland,Wokha,26.065972,94.270389,Weathered shale,2015.0,2
NAG/KIP/83K13/2016/084,Nagaland,Kiphire,25.878183,94.946942,Serpentinite,2016.0,2
NAG/WOK/83J/4/2016/0099,Nagaland,Wokha,26.012889,94.044222,"Sandstone (soft, friable )",2016.0,2
NAG/MOK/83J/7/2016/0011,Nagaland,Mokokchung,26.395389,94.454528,Sandstone and shale,2016.0,2
NG/KOH/83G14/2015/24,Nagaland,Kohima,25.688,93.907,Sandstone and shale,2015.0,2
NG/KOH/83K2/2015/203,Nagaland,Kohima,25.677,94.241,Colluvium,2015.0,2
NG/TUE/83J15/2017/39,Nagaland,Tuensang,26.375278,94.936389,Shale dominant,2017.0,2
NG/KOH/83K2/2015/231,Nagaland,Kohima,25.733,94.022,Compacted debris,2015.0,2
NG/PHE/83K14/2017/73,Nagaland,Phek,25.733444,94.780361,Shale of Disang,2017.0,2
NAG/ZUN/83J12/2016/0001,Nagaland,Zunheboto,26.077167,94.542306,Dominantly weathered Sandstone with Shale bands,2016.0,2
NAG/WOK/83K1/2016/167,Nagaland,Wokha,25.817194,94.280058, ,2016.0,2
NG/PHE/83K6/2015/290,Nagaland,Phek,25.713,94.309,Shale dominated Disangs,2015.0,2
NG/PHE/83K6/2015/335,Nagaland,Phek,25.681,94.285,Shale dominated Disangs,2015.0,2
NG/MON/83N2/2017/70,Nagaland,Mon,26.71125,95.016722,Shale,2017.0,2
NAG/ZUN/83K09/2016/136,Nagaland,Kiphire,25.966742,94.502006,Shale,2016.0,2
NAG/ZUNB/83J12/2016/0010,Nagaland,Zunheboto,26.031742,94.547354,Shale dominent with Silt and sandstone,2016.0,2
NAG/ZUN/83K09/2016/099,Nagaland,Kiphire,25.939139,94.649311,Shale,2016.0,2
NAG/KIP/83K13/2016/030,Nagaland,Kiphire,25.9255,94.760419,Phyllitic shale,2016.0,2
NA/MOK/83J06/2020/26,Nagaland,Mokokchung,26.62,94.5,"Sandstone, shale, siltstone and conglomerate",2020.0,2
NG/MON/83N01/2017/50,Nagaland,Mon,26.834,95.079806,Shale,2017.0,2
NG/MON/83N2/2017/58,Nagaland,Mon,26.582861,95.020306,Not exposed,2017.0,2
NG/PHE/83K6/2015/322,Nagaland,Phek,25.594,94.314,Sandstone dominated Barails,2015.0,2
NG/PHE/83K10/2017/30,Nagaland,Phek,25.692222,94.584722,Shale of Disang,2017.0,2
NG/MOK/83J10/2017/19,Nagaland,Mokukchung,26.719417,94.660667,Shale,2017.0,2
NAG/PHK/83K5/2016/031,Nagaland,Phek,25.788389,94.434111,Sandstone and shale,2016.0,2
NAG/PER/83G11/2017/0135,Nagaland,Peren,25.298167,93.632222, ,2017.0,2
NG/MON/83N01/2017/72,Nagaland,Mon,26.758306,94.955806,Alt. shale and sandstone,2017.0,2
NG/NOK/83N3/2017/22,Nagaland,Noklak,26.26175,95.103444,Not exposed,2017.0,2
NG/PRN/83G07/2017/10,Nagaland,Peren,25.4095,93.476639,"Shale, flaggy sandstone and calcareous rocks belonging to Disang",2017.0,2
NAG/WOK/83J/4/2016/0069,Nagaland,Wokha,26.069722,94.223444,Sandstone with intercalation of shale,2016.0,2
NG/PHE/83K14/2017/1,Nagaland,Phek,25.631833,94.750139,Volcanics of Ophiolite suites,2017.0,2
NG/PHE/83K6/2015/328,Nagaland,Phek,25.646,94.378,Shale dominated Disangs,2015.0,2
NG/MON/83N3/2017/13,Nagaland,Mon,26.420167,95.053833,Not exposed,2017.0,2
NA/PER/83G10/2020/3,Nagaland,Peren,25.51,93.71,Flaggy sandstone with subordinate shale rare coal,2020.0,2
NG/PHE/83K6/2015/320,Nagaland,Phek,25.692,94.444,Shale dominated Disangs,2015.0,2
NAG/KOH/83K1/2016/113,Nagaland,Kohima,25.878917,94.223889,Sandstone,2016.0,2
NG/KOH/83K2/2015/154,Nagaland,Kohima,25.682,94.131,Clay-rich colluvial material with embedded rock fragments.,2015.0,2
NAG/ZUN/83J12/2016/0005,Nagaland,Zunheboto,26.041525,94.523238,Shale,2016.0,2
NG/MOK/83J10/2017/4,Nagaland,Mokukchung,26.674139,94.74625,Shale,2017.0,2
NAG/WOK/83J/4/2016/0065,Nagaland,Wokha,26.152278,94.241056,Sandstone,2016.0,2
NAG/MOKH/83J08/2015/ 0112,Nagaland,Mokokchung,26.327167,94.508056,Sandstone and shale,2015.0,2
NAG/WOK/83J/4/2016/0084,Nagaland,Wokha,26.091861,94.101333,Friable sandstone with thin bands of shale,2016.0,2
NL/KOH/83K01/2014/50,Nagaland,Kohima,25.83889,94.15269,Variably weathered shale alternate thin bands of sandstone belonging to Disang group.,2014.0,2
NL/KOH/83K02/2014/38,Nagaland,Kohima,25.57086,94.17047,Shale dominant (Tertiary sedimentary rock). Disang group of rock.,2014.0,2
NAG/WOKH/83J08/2015/0053,Nagaland,Wokha,26.112194,94.259111,Weathered shale,2015.0,2
NAG/MOK/83J12/2017/0077,Nagaland,Mokokchung,26.220506,94.550504,Sandstone and shale,2017.0,2
NG/PHE/83K2/2015/56,Nagaland,Phek,25.669,94.218,Variably thick overburden resting over Tertiary sedimentary sequence.,2015.0,2
NG/NOK/83N04/2017/23,Nagaland,Noklak,26.175722,95.030222,Not exposed,2017.0,2
NG/MON/83N2/2017/40,Nagaland,Mon,26.577389,95.096306,Not exposed,2017.0,2
NG/KOH/83K2/2015/171,Nagaland,Kohima,25.704,94.118,Variably thick overburden resting over Tertiary sedimentary sequence.,2015.0,2
NG/PHE/83K2/2015/70,Nagaland,Phek,25.612,94.209, ,2015.0,2
NAG/WOK/83J/4/2016/0112,Nagaland,Wokha,26.212972,94.116583, ,2016.0,2
NG/KOH/83K2/2015/169,Nagaland,Kohima,25.659,94.107,Old river terrace materials mixed with slope wash,2015.0,2
NG/MON/83N01/2017/60,Nagaland,Mon,26.841222,95.079556,Shale,2017.0,2
NAG/ZUN/83K09/2016/102,Nagaland,Kiphire,25.941525,94.652408,Shale,2016.0,2
NG/KOH/83K2/2015/233,Nagaland,Kohima,25.561,94.143,Shale dominated Disangs,2015.0,2
NAG/ZUNH/83J08/2015/ 0065,Nagaland,Zunheboto,26.075722,94.481611,Weathered shale,2015.0,2
NAG/KIP/83K13/2016/037,Nagaland,Kiphire,25.914247,94.841489,Sandstone with intercalation of shale,2016.0,2
NAG/WOK/83J/4/2016/0032,Nagaland,Wokha,26.212861,94.235889,Friable sandstone with thin bands of shale,2016.0,2
NA/DIM/83G13/2020/22,Nagaland,Dimapur,25.77,93.93,"Carbonaceous sandy shale, sandstone & coal seams",2020.0,2
NG/PHE/83K6/2015/301,Nagaland,Phek,25.695,94.459,Shale dominated Disangs,2015.0,2
NG/KOH/83K2/2015/190,Nagaland,Kohima,25.742,94.245,Colluvium,2015.0,2
NG/LON/83J14/2017/8,Nagaland,Longleng,26.535556,94.788056,Shale dominant with siltstone and sandstone.,2017.0,2
NAG/ZUN/83K09/2016/120,Nagaland,Kiphire,25.850458,94.530347,Shale,2016.0,2
NL/MON/83J15/2014/12,Nagaland,Mon,26.41931,94.97369,Siltstone and sandstone belonging to Upper Disang Formation with clayey regolith soil.,2014.0,2
NA/PER/83G10/2020/1,Nagaland,Peren,25.51,93.7,Flaggy sandstone with subordinate shale rare coal,2020.0,2
MAN/SEN/83K04/2015/90,Manipur,Senapati,25.200853,94.134506,Shale,2015.0,2
MN/KAN/83H13/2018/6,Manipur,Kangpokpi,24.788639,93.772167,Weathered sandstone,2018.0,2
MN/JRM/83H02/2020/3,Manipur,Jiribam,24.74,93.15,Weathered massive sandstone.,2020.0,2
MN/NON/83H09/2018/77,Manipur,Noney,24.822953,93.710756,Flaggy sandstone with subordinate shale of Laisong Formation.,2018.0,2
MN/NON/83H05/2018/73,Manipur,Noney,24.766472,93.434167,Shale and  sandstone intercalation of Laisong Formation,2018.0,2
MN/UKH/83K11/2017/100,Manipur,Ukhrul,25.410694,94.500056,Shale,2017.0,2
MAN/SEN/83K03/2015/26,Manipur,Senapati,25.42955,94.053333,Sandstone with intercalation of shale,2015.0,2
MN/KAM/83L09/2017/25,Manipur,Kamjong,24.867139,94.566889,"Oceanic pelagic 
Sediments",2017.0,2
MAN/TAM/83G12/2017/0065,Manipur,Tamenglong,25.058833,93.604028, ,2017.0,2
MN/CHA/83L03/2018/2,Manipur,Chandel,24.272667,94.075083,Shale,2018.0,2
MN/TAM/83H05/2018/3,Manipur,Tamenglong,24.94775,93.492889,Friable sandstone of Jenam Formation,2018.0,2
MN/NON/83H09/2018/63,Manipur,Noney,24.663889,93.679056,Well bedded sandstone with minor shale partings of Upper Disang Formation.,2018.0,2
MN/TAM/83H09/2018/26,Manipur,Tamenglong,24.978389,93.502278,Massive sandstone of Jenam Formation.,2018.0,2
MN/KAM/83L09/2017/39,Manipur,Kamjong,24.919917,94.567111,"Oceanic pelagic 
Sediments",2017.0,2
MN/UKH/83L01/2018/31,Manipur,Ukhrul,24.913611,94.242028,Weathered Sandstone,2018.0,2
MN/NON/83H09/2018/10,Manipur,Noney,24.80425,93.732861,Shale of Upper Disang Formation,2018.0,2
MN/CHU/83H10/2018/80,Manipur,Churachandpur,24.553572,93.711317,Shale with subordinate siltstone,2018.0,2
MN/UKH/83K12/2017/65,Manipur,Ukhrul,25.264278,94.543611,Shale,2017.0,2
MAN/SEN/83K03/2015/73,Manipur,Senapati,25.379878,94.214606,Shale,2015.0,2
MN/TAM/83H01/2018/46,Manipur,Tamenglong,24.80592,93.23789,Cachar,2018.0,2
MAN/SEN/83K03/2015/69,Manipur,Senapati,25.350061,94.220711,Shale,2015.0,2
MAN/TAM/83H09/2009-10/MN-1,Manipur,Tamenglong,24.792333,93.658222,Stone intercalated with thin shale bedding: N5°E-S5°W/45° due west,2009.0,3
MN/CDL/83H16/2020/31,Manipur,Chandel,24.17,93.93,Highly weathered shale,2020.0,2
MN/UKH/83K11/2017/34,Manipur,Ukhrul,25.287361,94.528472,Ophiolite,2017.0,2
MN/CDL/83L04/2020/47,Manipur,Chandel,24.1,94.04,"Shale, siltstone and sandstone of Disang Group",2020.0,2
MN/KAM/83L05/2018/68,Manipur,Kamjong,24.916083,94.486889,UNDIFF. RADIOLARIA & DIATOM BEARING SEDIMENTS,2018.0,2
MN/TEN/83L03/2018/38,Manipur,Tengnoupal,24.4165,94.176944,Splintery Shale,2018.0,2
MAN/TAM/83H09/2009-10/MN-5,Manipur,Tamenglong,24.8133,93.5472, ,2009.0,2
MN/NON/83H09/2018/57,Manipur,Noney,24.872153,93.623861,"Shale, siltstone, Greywacke rhythmite and sandstone of Upper Disang Formation.",2018.0,2
MN/TMG/83H09/2018/002,Manipur,Tamenglong,24.98575,93.497389,"Laisong Formation of Barail Group represented by highly weathered, friable, yellowish to brown colour, ferruginous sandstone with siltstone and shale.",2018.0,3
MN/WEI/83H13/2020/2,Manipur,West Imphal,24.83,93.9,"Shale, siltstone, greywacke rhythmite & sandstone",2020.0,2
MN/KAM/83L05/2018/74,Manipur,Kamjong,24.957303,94.473342,UNDIFF. RADIOLARIA & DIATOM BEARING SEDIMENTS,2018.0,2
MN/CHA/83H15/2018/2,Manipur,Chandel,24.346028,93.954583,Shale,2018.0,2
MN/TAM/83H09/2018/27,Manipur,Tamenglong,24.97775,93.502639,Massive sandstone of Jenam Formation.,2018.0,2
MN/NON/83H10/2018/22,Manipur,Noney,24.685056,93.669,Thick sandstone bed intercalated by shale.,2018.0,2
MAN/UKH/83K08/2015/002,Manipur,Ukhrul,25.063972,94.336,Sandstone,2015.0,2
MN/UKH/83K11/2017/71,Manipur,Ukhrul,25.429639,94.556472,Shale,2017.0,2
MN/UKH/83K11/2017/53,Manipur,Ukhrul,25.419639,94.578556,Shale,2017.0,2
MN/TAM/83H05/2018/23,Manipur,Tamenglong,24.8545,93.449036,Sandstone of Jenam Formation,2018.0,2
MAN/UKH/83K08/2015/026,Manipur,Ukhrul,25.126167,94.456278,Ultramafics,2015.0,2
MAN/TAM/83G12/2017/0051,Manipur,Tamenglong,25.155861,93.677306, ,2017.0,2
MN/TEN/83L03/2018/40,Manipur,Tengnoupal,24.416167,94.176167,Shale,2018.0,2
MN/TAM/83H09/2018/25,Manipur,Tamenglong,24.989697,93.507075,Massive sandstone of Jenam Formation.,2018.0,2
MAN/UKH/83K08/2015/045,Manipur,Ukhrul,25.166833,94.354889,Sandstone,2015.0,2
MN/CCP/83H08/2020/11,Manipur,Churachandpur,24.15,93.3,Coarsed gained sandstone,2020.0,2
MN/PZL/83H03/2020/15,Manipur,Pherzawl,24.27,93.11,Shale with thin bands of sandstone of Jenam Formation.,2020.0,2
MAN/TAM/83G12/2017/0040,Manipur,Tamenglong,25.163333,93.691194, ,2017.0,2
MN/PZL/83H03/2020/11,Manipur,Pherzawl,24.29,93.12,Friable Shale of Jenam Formation.,2020.0,2
MN/CDL/84I01/2020/10,Manipur,Chandel,23.99,94.0,Highly weathered shale,2020.0,2
MAN/TAM/83G12/2017/0079,Manipur,Tamenglong,25.09225,93.619972, ,2017.0,2
MN/KAM/83L05/2018/48,Manipur,Kamjong,24.889031,94.306125,"SHALE, SILTSTONE, GREYWACKE RHYTHMITE & SANDSTONE",2018.0,2
MN/KAM/83L09/2017/9,Manipur,Kamjong,24.970167,94.618,"Oceanic pelagic 
Sediments",2017.0,2
MN/CHA/83L03/2018/57,Manipur,Chandel,24.279575,94.077164,Shale,2018.0,2
MN/JRM/83H02/2020/20,Manipur,Jiribam,24.69,93.12,Shale,2020.0,2
MN/PZL/83H02/2020/38,Manipur,Pherzawl,24.52,93.11, ,2020.0,2
MN/KAM/83L05/2018/21,Manipur,Kamjong,24.932631,94.417417,UNDIFFERENTIATED ULTRAMAFIC CUMMULATES,2018.0,2
MN/KAM/83L09/2017/41,Manipur,Kamjong,24.9155,94.578333,"Oceanic pelagic 
Sediments",2017.0,2
MAN/SEN/83K03/2015/47,Manipur,Senapati,25.317878,94.069389,Shale,2015.0,2
MN/NON/83H05/2018/60,Manipur,Noney,24.759667,93.462694,Shale and sandstone intercalation of Upper Disang,2018.0,2
MAN/SEN/83K03/2015/32,Manipur,Senapati,25.446611,94.049511,Sandstone with intercalation of shale,2015.0,2
MN/NON/83H09/2018/80,Manipur,Noney,24.817939,93.688678,Sandstone with shale partings,2018.0,2
MAN/TAM/83G12/2017/0027,Manipur,Tamenglong,25.162583,93.703972, ,2017.0,2
MN/CCP/83H12/2020/31,Manipur,Churachandpur,24.1,93.51,Thick bedded shale,2020.0,2
MN/KAM/83L05/2018/78,Manipur,Kamjong,24.948667,94.4835,UNDIFF. RADIOLARIA & DIATOM BEARING SEDIMENTS,2018.0,2
MN/UKH/83K11/2017/22,Manipur,Ukhrul,25.360389,94.529917,Sandstone,2017.0,2
MN/NON/83H09/2018/6,Manipur,Noney,24.791389,93.735417,"Shale , Siltstone and Sandstone.",2018.0,2
MN/KAM/83L06/2018/8,Manipur,Kamjong,24.684625,94.264253,"SPLINTERY SHALE,SANDSTONE,SILTSTONE& PLANT FOSSILS",2018.0,2
MAN/SEN/83K04/2015/94,Manipur,Senapati,25.255931,94.1254,Shale,2015.0,2
MN/UKH/83K12/2017/11,Manipur,Ukhrul,25.049,94.551028,"Oceanic pelagic 
sediments",2017.0,2
MN/CCP/83H07/2020/5,Manipur,Churachandpur,24.32,93.28,Weathered Sandstone,2020.0,2
MAN/UKH/83K08/2015/032,Manipur,Ukhrul,25.079944,94.294667,Sandstone,2015.0,2
MN/NON/83H10/2018/26,Manipur,Noney,24.634278,93.719639,Sandstone with subordinate shale and siltstone,2018.0,2
MN/NON/83H10/2018/13,Manipur,Noney,24.640639,93.620311,"Sandstone, siltstone and  shale. Sandstones are closely spaced joints.",2018.0,2
MN/CDL/83L04/2020/49,Manipur,Chandel,24.12,94.02,"Shale, siltstone and sandstone of Disang Group",2020.0,2
MAN/UKH/83K08/2015/024,Manipur,Ukhrul,25.128194,94.440417,No exposure,2015.0,2
MN/CCP/83H16/2020/1,Manipur,Churachandpur,24.24,93.85,Barail sandstone,2020.0,2
MN/NON/83H09/2018/39,Manipur,Noney,24.819975,93.576653,Shale of Disang Formation,2018.0,2
MN/CCP/83H07/2020/1,Manipur,Churachandpur,24.33,93.3,Weathered coarse grained sandstone,2020.0,2
MN/NON/83H09/2018/75,Manipur,Noney,24.798042,93.722439,Shale-sandstone intercalation of Laisong Formation,2018.0,2
MAN/SEN/83G14/2015/16,Manipur,Senapati,25.528,93.871,Sandstone dominated Barails,2015.0,2
MN/CDL/83L04/2020/9,Manipur,Chandel,24.06,94.04,Barail sandstone,2020.0,2
MN/TML/83G08/2020/52,Manipur,Tamenglong,25.07,93.43, ,2020.0,2
MN/TAM/83H09/2018/19,Manipur,Tamenglong,24.984722,93.524917,Massive friable sandstone of Laisong Formation.,2018.0,2
MN/CDL/83L04/2020/45,Manipur,Chandel,24.22,94.07,Barail sandstone,2020.0,2
MN/CHA/83L03/2018/10,Manipur,Chandel,24.267194,94.111889,Shale,2018.0,2
MN/TGPL/83L03/2018/009,Manipur,Tengnoupal,24.813306,93.243417,Represented by buff to khaki green shale with thin intercalations of buff colour siltstone of Upper Disang Formation (Ocean Pelagic Sediments),2018.0,2
MN/CDL/83L04/2020/46,Manipur,Chandel,24.12,94.05,"Shale, siltstone and sandstone of Disang Group",2020.0,2
MN/NON/83H09/2018/32,Manipur,Noney,24.860347,93.572383,Sandstone and shale of Disang,2018.0,2
MN/NON/83H10/2018/7,Manipur,Noney,24.698392,93.644183,"Shale, siltstone, Greywacke rhythmite and sandstone of Upper Disang Formation.",2018.0,2
MN/UKH/83K11/2017/32,Manipur,Ukhrul,25.28775,94.527667,Ophiolite,2017.0,2
MN/TEN/83L03/2018/18,Manipur,Tengnoupal,24.454953,94.225406,Shale,2018.0,2
MN/UKH/83K11/2017/61,Manipur,Ukhrul,25.409417,94.599722,Shale,2017.0,2
MN/UKH/83K11/2017/57,Manipur,Ukhrul,25.400639,94.620639,Shale,2017.0,2
MN/UKH/83K12/2017/25,Manipur,Ukhrul,25.057167,94.532194,"Oceanic pelagic 
sediments",2017.0,2
MN/PZL/83H04/2020/14,Manipur,Pherzawl,24.24,93.19,Friable shale of Jenam Formation.,2020.0,2
MAN/SEN/83K03/2015/51,Manipur,Senapati,25.332489,94.080258,Shale,2015.0,2
MN/NON/83H09/2018/1,Manipur,Noney,24.801111,93.653111,Shale and Siltstone od Upper Disang Formation,2018.0,2
MN/CHU/83H10/2018/83,Manipur,Churachandpur,24.534017,93.680433,"Shale, siltstone and sandstone of Upper Disang Formation.",2018.0,2
MN/CCP/83H12/2020/12,Manipur,Churachandpur,24.11,93.52,Massive shale,2020.0,2
MN/TEN/83L03/2018/83,Manipur,Tengnoupal,24.489728,94.191686,Shale and Sandstone,2018.0,2
MN/UKH/83K12/2017/47,Manipur,Ukhrul,25.101972,94.5125,"Oceanic pelagic 
sediments",2017.0,2
MN/KAM/83L06/2018/11,Manipur,Kamjong,24.686651,94.258667,"SPLINTERY SHALE,SANDSTONE,SILTSTONE& PLANT FOSSILS",2018.0,2
MN/CDL/83L04/2020/76,Manipur,Chandel,24.19,94.01,"Shale, siltstones of Disang Group",2020.0,2
MN/KAM/83L09/2017/40,Manipur,Kamjong,24.920056,94.568778,"Oceanic pelagic 
Sediments",2017.0,2
MN/TEN/83L03/2018/69,Manipur,Tengnoupal,24.441683,94.179211,Disang,2018.0,2
MN/NON/83H09/2018/4,Manipur,Noney,24.787667,93.666667,Sandstone and Shale,2018.0,2
MAN/TAM/83G12/2017/0003,Manipur,Tamenglong,25.168028,93.748972, ,2017.0,2
MN/CDL/83H16/2020/36,Manipur,Chandel,24.01,93.97,"Shale, siltstone and sandstone of Disang Group",2020.0,2
MAN/TAM/83G12/2017/0060,Manipur,Tamenglong,25.029333,93.586167, ,2017.0,2
MN/BNP/83H15/2020/3,Manipur,Bishnupur,24.32,93.76,shale,2020.0,2
MAN/SEN/83K03/2015/77,Manipur,Senapati,25.268519,94.047614,Shale,2015.0,2
MN/CDL/83L04/2020/3,Manipur,Chandel,24.22,94.09,Barail sandstone,2020.0,2
MN/TEN/83L03/2018/70,Manipur,Tengnoupal,24.439842,94.184347,Disang,2018.0,2
MN/TMLG/83H1/2016/01,Manipur,Tamenglong,24.813889,93.245222,Black carbonaceous shale is present which is fractured and thus exposed more area to weathering. The bedrock being highly weathered to give rise to soil and thus possess no strength to withstand.,2016.0,2
MN/CCP/83H11/2020/1,Manipur,Churachandpur,24.33,93.66,Sand and soil,2020.0,3
MN/NON/83H05/2018/38,Manipur,Noney,24.824111,93.474139,Shale and sandstone intercalation of Upper Disang,2018.0,2
MN/NON/83H05/2018/52,Manipur,Noney,24.768694,93.45725,Shale and sandstone intercalation of Upper Disang,2018.0,2
MN/UKH/83K11/2017/72,Manipur,Ukhrul,25.489611,94.553306,Shale,2017.0,2
MAN/SEN/83K03/2015/84,Manipur,Senapati,25.261617,94.079422,Shale,2015.0,2
MN/PZL/83H03/2020/20,Manipur,Pherzawl,24.32,93.16,Shale of Jenam Formation.,2020.0,2
MN/KAM/83L05/2018/6,Manipur,Kamjong,24.796417,94.398786,"SHALE, SILTSTONE, GREYWACKE RHYTHMITE & SANDSTONE",2018.0,2
MN/UKH/83K11/2017/101,Manipur,Ukhrul,25.466278,94.552528,Shale,2017.0,2
MN/NON/83H05/2018/55,Manipur,Noney,24.766667,93.458111,Shale and sandstone intercalation of Upper Disang,2018.0,2
MN/NON/83H09/2018/56,Manipur,Noney,24.864739,93.625244,"Shale, siltstone, Greywacke rhythmite and sandstone of Upper Disang Formation.",2018.0,2
MN/NON/83H05/2018/21,Manipur,Noney,24.834694,93.459167,Sandstone of Laisong Formation,2018.0,2
MN/UKH/83L01/2018/23,Manipur,Ukhrul,24.946944,94.191194,Weathered Shale,2018.0,2
MN/NON/83H10/2018/21,Manipur,Noney,24.679639,93.669667,"Shale, siltstone and sandstone alteration",2018.0,2
MN/KAM/83L05/2018/34,Manipur,Kamjong,24.818713,94.355182,"SHALE,SILTSTONE,SANDSTONE & CONCRETIONARY NODULES",2018.0,2
MN/NON/83H05/2018/53,Manipur,Noney,24.768472,93.457389,Shale and sandstone intercalation of Upper Disang,2018.0,2
MAN/SEN/83K03/2015/15,Manipur,Senapati,25.417653,94.084694,Shale,2015.0,2
MN/KAM/83L09/2017/34,Manipur,Kamjong,24.939167,94.548889,"Oceanic pelagic 
Sediments",2017.0,2
MN/NON/83H10/2018/79,Manipur,Noney,24.733256,93.701856,"Shale, siltstone and sandstone of Upper Disang Formation.",2018.0,2
MAN/SEN/83K07/2015/061,Manipur,Senapati,25.34725,94.334444,Sandstone and shale,2015.0,2
MAN/SEN/83K04/2015/87,Manipur,Senapati,25.240539,94.114492,Shale,2015.0,2
MN/UKH/83K11/2017/73,Manipur,Ukhrul,25.493694,94.555833,Shale,2017.0,2
MN/UKH/83K12/2017/63,Manipur,Ukhrul,25.373639,94.555333,Shale,2017.0,2
MAN/TAM/83G12/2017/0039,Manipur,Tamenglong,25.164278,93.691361, ,2017.0,2
MN/UKH/83L05/2018/3,Manipur,Ukhrul,24.898438,94.328686,"SHALE, SILTSTONE, GREYWACKE RHYTHMITE & SANDSTONE",2018.0,2
MN/CDL/83L04/2020/64,Manipur,Chandel,24.14,94.01,Olistostromal unit of Disang Group,2020.0,2
MN/UKH/83K11/2017/77,Manipur,Ukhrul,25.492333,94.555444,Shale,2017.0,2
MAN/TAM/83G12/2017/0062,Manipur,Tamenglong,25.054083,93.603694, ,2017.0,2
MN/CCP/83H12/2020/19,Manipur,Churachandpur,24.02,93.56,Grey Shale,2020.0,2
MN/UKH/83K11/2017/24,Manipur,Ukhrul,25.3375,94.527806,Ophiolite,2017.0,2
MAN/SEN/83K04/2015/96,Manipur,Senapati,25.085833,94.107222,Sandstone,2015.0,2
MN/KAN/83L02/2018/12,Manipur,Kangpokpi,24.709111,94.198528,Highly weathered and splintery shales,2018.0,2
MN/CDL/84I01/2020/12,Manipur,Chandel,23.95,94.07,Olistostromal unit of Disang Group,2020.0,2
MAN/TAM/83G12/2017/0108,Manipur,Tamenglong,25.118083,93.649472, ,2017.0,2
MAN/TAM/83G12/2017/0008,Manipur,Tamenglong,25.167444,93.735472, ,2017.0,2
MN/UKH/83K11/2017/96,Manipur,Ukhrul,25.413,94.541333,Shale,2017.0,2
MAN/SEN/83K03/2015/75,Manipur,Senapati,25.268703,94.045883,Shale,2015.0,2
MN/KAM/83L05/2018/8,Manipur,Kamjong,24.797,94.409028,"SHALE, SILTSTONE, GREYWACKE RHYTHMITE & SANDSTONE",2018.0,2
MN/UKH/83K11/2017/43,Manipur,Ukhrul,25.397944,94.551083,Shale,2017.0,2
MN/UKH/83L01/2018/43,Manipur,Ukhrul,24.982917,94.162639,Sandstone,2018.0,2
MN/PZL/83H04/2020/12,Manipur,Pherzawl,24.22,93.2,SPLINTERY SHALE of Renji Formation.,2020.0,2
MN/NON/83H10/2018/41,Manipur,Noney,24.645275,93.628828,Shale and siltstone with subordinate sandstone laminae.,2018.0,2
MN/CHA/83L03/2018/58,Manipur,Chandel,24.289019,94.073331,Shale,2018.0,2
MAN/TAM/83G12/2017/0095,Manipur,Tamenglong,25.115889,93.639611, ,2017.0,2
MAN/TAM/83G12/2017/0117,Manipur,Tamenglong,25.130722,93.663583, ,2017.0,2
MN/CDL/83L04/2020/21,Manipur,Chandel,24.2,94.1,Olistostromal unit of Disang Group,2020.0,2
MN/KAM/83L09/2017/14,Manipur,Kamjong,24.958833,94.618917,Shale,2017.0,2
MN/KAM/83L09/2017/47,Manipur,Kamjong,24.817028,94.534528,"Oceanic pelagic 
Sediments",2017.0,2
MN/CDL/83H16/2020/16,Manipur,Chandel,24.23,93.94,"Shale, siltstone and sandstone of Disang Group",2020.0,2
MN/TAM/83H05/2018/12,Manipur,Tamenglong,24.987667,93.494361,Sandstone of Jenam Formation,2018.0,2
MN/NON/83H10/2018/57,Manipur,Noney,24.62775,93.604611,Intercalation of shale in sandstone.,2018.0,2
MN/CCP/83H08/2020/24,Manipur,Churachandpur,24.14,93.38,Weathered Sandstone,2020.0,2
MN/NON/83H09/2018/5,Manipur,Noney,24.79825,93.724083,"Shale, Sandstone and Siltstone",2018.0,2
MN/TMG/83H09/2018/001,Manipur,Tamenglong,25.047833,92.789306,"Laisong Formation of Barail Group represented by highly weathered, friable, yellowish to brown colour, ferruginous sandstone intercalated with siltstone and shale.",2018.0,3
MAN/TAM/83G12/2017/0104,Manipur,Tamenglong,25.11775,93.647222, ,2017.0,2
MN/KAN/83H13/2018/16,Manipur,Kangpokpi,24.864833,93.772583,Weathered shale and sandstone,2018.0,2
MN/NON/83H10/2018/70,Manipur,Noney,24.804586,93.655719,Flaggy sandstone with subordinate shale of Laisong Formation.,2018.0,2
MN/KAM/83L05/2018/65,Manipur,Kamjong,24.824278,94.322472,"SHALE, SILTSTONE, GREYWACKE RHYTHMITE & SANDSTONE",2018.0,2
MN/CHU/83H10/2018/35,Manipur,Churachandpur,24.607528,93.713778,"Flaggy sandstone, shale and siltstone alteration",2018.0,2
MN/CHU/83H10/2018/37,Manipur,Churachandpur,24.612992,93.670236,Splintery shale with siltstone and sandstone of Lower Disang Formation.,2018.0,2
MAN/TAM/83G12/2017/0057,Manipur,Tamenglong,25.013472,93.530472, ,2017.0,2
MN/UKH/83K12/2017/10,Manipur,Ukhrul,25.050694,94.555139,"Oceanic pelagic 
sediments",2017.0,2
MN/KAM/83L05/2018/50,Manipur,Kamjong,24.910619,94.321092,"SHALE, SILTSTONE, GREYWACKE RHYTHMITE & SANDSTONE",2018.0,2
MN/NON/83H09/2018/37,Manipur,Noney,24.829333,93.507056,Shale of Disang Formation,2018.0,2
MN/TAM/83H09/2018/22,Manipur,Tamenglong,24.986861,93.506028,Siltstone and clay. The rock exposes exfoliation type of weathering which are very friable.,2018.0,2
MN/NON/83H09/2018/50,Manipur,Noney,24.796319,93.737025,"Shale, siltstone and sandstone of Upper Disang Formation.",2018.0,2
MN/TAM/83H05/2018/1,Manipur,Tamenglong,24.983806,93.497528,sandstone of Jenam Formation,2018.0,3
MAN/SEN/83K03/2015/10,Manipur,Senapati,25.454017,94.124572,Sandstone,2015.0,2
MN/UKH/83K11/2017/39,Manipur,Ukhrul,25.288417,94.539528,Ophiolite,2017.0,2
MAN/TAM/83G12/2017/0046,Manipur,Tamenglong,25.158083,93.684944, ,2017.0,2
MN/CCP/83H11/2020/8,Manipur,Churachandpur,24.15,93.55,Sandstone and shale,2020.0,2
MN/KAM/83L05/2018/26,Manipur,Kamjong,24.839028,94.357083,"SHALE,SILTSTONE,SANDSTONE & CONCRETIONARY NODULES",2018.0,2
MAN/TAM/83G12/2017/0138,Manipur,Tamenglong,25.157092,93.682686, ,2017.0,2
MN/KAM/83L06/2018/5,Manipur,Kamjong,24.655226,94.292756,"SHALE,SILTSTONE,SANDSTONE & CONCRETIONARY NODULES",2018.0,2
MN/CDL/83L04/2020/84,Manipur,Chandel,24.15,94.1,Olistostromal unit of Disang Group,2020.0,2
MAN/TAM/83G12/2017/0049,Manipur,Tamenglong,25.155917,93.681583, ,2017.0,2
MN/CCP/83H12/2020/35,Manipur,Churachandpur,24.17,93.58,massive shale,2020.0,2
MN/NON/83H10/2018/65,Manipur,Noney,24.658206,93.625503,"Shale, siltstone and sandstone of Upper Disang Formation.",2018.0,2
MN/CCP/83H11/2020/41,Manipur,Churachandpur,24.34,93.66,"Shale, siltstone and sandstone intercalation",2020.0,2
MN/KAM/83L05/2018/23,Manipur,Kamjong,24.847611,94.357889,"SHALE,SILTSTONE,SANDSTONE & CONCRETIONARY NODULES",2018.0,2
MN/CCP/83H11/2020/27,Manipur,Churachandpur,24.33,93.67,shale,2020.0,2
MN/NON/83H10/2018/52,Manipur,Noney,24.639,93.611556,Splintery shale and sandstone beds.,2018.0,2
MAN/TAM/83G12/2017/0006,Manipur,Tamenglong,25.169028,93.741083, ,2017.0,2
MN/KAM/83L09/2017/4,Manipur,Kamjong,24.821028,94.50425,"Oceanic pelagic 
Sediments",2017.0,2
MN/UKH/83K11/2017/90,Manipur,Ukhrul,25.466528,94.552028,Shale,2017.0,2
MAN/SEN/83K2/2015/205,Manipur,Senapati,25.514,94.137,Old slide debris mixed with colluvial material.,2015.0,2
MAN/TAM/83G12/2017/0036,Manipur,Tamenglong,25.165472,93.695528, ,2017.0,2
MN/KAM/83L09/2017/17,Manipur,Kamjong,24.8905,94.607056,"Oceanic pelagic 
Sediments",2017.0,2
MN/UKH/83K12/2017/31,Manipur,Ukhrul,25.079361,94.549667,"Oceanic pelagic 
sediments",2017.0,2
MAN/SEN/83K04/2015/101,Manipur,Senapati,25.044111,94.233778,Shale,2015.0,2
MN/KAM/83L06/2018/19,Manipur,Kamjong,24.618157,94.309379,"SPLINTERY SHALE,SANDSTONE,SILTSTONE& PLANT FOSSILS",2018.0,2
MN/NON/83H10/2018/15,Manipur,Noney,24.649492,93.679522,Highly friable shale with siltstone alteration,2018.0,2
MN/TAM/83H05/2018/2,Manipur,Tamenglong,24.952611,93.487611,Friable sandstone of Jenam Formation,2018.0,2
MAN/SEN/83K03/2015/59,Manipur,Senapati,25.342472,94.161667,Shale,2015.0,2
MN/UKH/83L02/2018/23,Manipur,Ukhrul,24.689139,94.165472,Splintery shale,2018.0,2
MN/NON/83H10/2018/48,Manipur,Noney,24.640072,93.627392,"Shale, siltstone and sandstone of Upper Disang Formation.",2018.0,2
MN/NON/83H10/2018/2,Manipur,Noney,24.641444,93.691639,Shale and Sandstone  alteration of Upper Disang.,2018.0,2
MN/CCP/83H12/2020/25,Manipur,Churachandpur,23.98,93.55,Sandstone and shale intercalation,2020.0,2
MN/CHA/83L03/2018/34,Manipur,Chandel,24.256583,94.093111,Alt beds of Shale and siltstone,2018.0,2
MN/KAM/83L06/2018/16,Manipur,Kamjong,24.677303,94.253445,"SPLINTERY SHALE,SANDSTONE,SILTSTONE& PLANT FOSSILS",2018.0,2
MAN/TAM/83G12/2017/0121,Manipur,Tamenglong,25.135861,93.6675, ,2017.0,2
MN/CCR/83H02/2020/2,Manipur,Churachandpur,24.53,93.07,Highly weathered and fracture Sandstone and weathered shale.,2020.0,2
MAN/TAM/83G12/2017/0009,Manipur,Tamenglong,25.164222,93.736361, ,2017.0,2
MN/NON/83H05/2018/70,Manipur,Noney,24.775167,93.440722,Shale and  sandstone intercalation of Laisong Formation,2018.0,2
MN/UKH/83K11/2017/98,Manipur,Ukhrul,25.388056,94.550083,Shale,2017.0,2
MN/NON/83H05/2018/29,Manipur,Noney,24.842444,93.499333,Shale and sandstone intercalation of Upper Disang,2018.0,2
MN/UKH/83K12/2017/42,Manipur,Ukhrul,25.095611,94.522944,"Oceanic pelagic 
sediments",2017.0,2
MN/CHU/83H10/2018/33,Manipur,Churachandpur,24.599858,93.725225,Sandstone and shale alteration,2018.0,2
MAN/UKH/83K08/2015/012,Manipur,Ukhrul,25.033778,94.43625,No exposure,2015.0,2
MN/TEN/83L03/2018/47,Manipur,Tengnoupal,24.304417,94.243889,Shale,2018.0,2
MN/KAM/83L05/2018/38,Manipur,Kamjong,24.814386,94.32344,"SHALE, SILTSTONE, GREYWACKE RHYTHMITE & SANDSTONE",2018.0,2
MN/CCP/83H12/2020/16,Manipur,Churachandpur,24.03,93.57,Shale,2020.0,2
MAN/UKH/83K08/2015/042,Manipur,Ukhrul,25.127556,94.338583,Olistrosome,2015.0,2
MN/KAN/83G16/2018/006,Manipur,Kangpokpi,25.201083,93.140806,Contact zone of Disang Group and Laisong Formation of Barail Group. Disang Group of rocks represented by dark grey colored shale is overlain by Laisong Formation represented by buffed sandstone with partings of siltstone and shale.,2018.0,2
MN/UKH/83K12/2017/30,Manipur,Ukhrul,25.069306,94.536528,"Oceanic pelagic 
sediments",2017.0,2
MN/NON/83H10/2018/18,Manipur,Noney,24.646197,93.671856,Splintery shale and Sandstone alteration.,2018.0,2
MN/TAM/83H01/2018/48,Manipur,Tamenglong,24.795814,93.230263,Intercalation of Sandstone and Shale.,2018.0,2
MN/TAM/83H06/2018/12,Manipur,Tamenglong,24.734806,93.296306,Shale of Jenam Formation,2018.0,2
MAN/SEN/83K03/2015/39,Manipur,Senapati,25.444722,94.0414,Sandstone with intercalation of shale,2015.0,2
MN/CDL/84E13/2020/7,Manipur,Chandel,23.97,93.95,Sandstone intecalated with shale,2020.0,2
MN/CCP/83H11/2020/45,Manipur,Churachandpur,24.33,93.53,Sandstone,2020.0,2
MN/NON/83H09/2018/44,Manipur,Noney,24.784611,93.659528,Shale of Upper Disang Formation,2018.0,2
MN/UKH/83L01/2018/13,Manipur,Ukhrul,24.969056,94.173528,Weathered Shale,2018.0,2
MN/UKH/83K11/2017/3,Manipur,Ukhrul,25.314972,94.5065,Shale,2017.0,2
MN/CCP/83H07/2020/3,Manipur,Churachandpur,24.34,93.32,Weathered siltstone,2020.0,2
MN/CHU/83H10/2018/84,Manipur,Churachandpur,24.544361,93.674917,Splintery shale with subordinate sandstone,2018.0,2
MN/UKH/83K12/2017/74,Manipur,Ukhrul,25.181222,94.524611,Shale,2017.0,2
MN/CCP/83H12/2020/34,Manipur,Churachandpur,24.17,93.59,Massive shale and sandstone,2020.0,2
MN/KAM/83L06/2018/10,Manipur,Kamjong,24.672316,94.26374,"SPLINTERY SHALE,SANDSTONE,SILTSTONE& PLANT FOSSILS",2018.0,2
MN/NON/83H10/2018/23,Manipur,Noney,24.862903,93.616397,"Shale, siltstone, Greywacke rhythmite and sandstone of Upper Disang Formation.",2018.0,2
MN/CCP/83H08/2020/2,Manipur,Churachandpur,24.1,93.28,Weathered shale/ siltstone and sandstone,2020.0,2
MAN/SEN/83K03/2015/82,Manipur,Senapati,25.265492,94.098872,Shale,2015.0,2
MN/NON/83H09/2018/35,Manipur,Noney,24.820667,93.525444,Shale of Disang Formation,2018.0,2
MAN/TAM/83G12/2017/0023,Manipur,Tamenglong,25.153472,93.712444, ,2017.0,2
MN/CCP/83H08/2020/21,Manipur,Churachandpur,24.21,93.29,Weathered Sandstone,2020.0,2
MAN/SEN/83K03/2015/6,Manipur,Senapati,25.289833,94.036647,Weathered shale,2015.0,2
MAN/SEN/83K07/2015/062,Manipur,Senapati,25.289444,94.309472, ,2015.0,2
MN/CDL/83L04/2020/8,Manipur,Chandel,24.06,94.05,Barail sandstone,2020.0,2
MN/NON/83H10/2018/49,Manipur,Noney,24.644889,93.619583,Sandstone and splintery shale alteration,2018.0,2
MN/KAM/83L05/2018/43,Manipur,Kamjong,24.835145,94.340419,"UNDIFF.SEDIMENTS, OPHIOLITES WITH OLISTROSTOME",2018.0,2
MN/UKH/83K11/2017/45,Manipur,Ukhrul,25.415583,94.558778,Shale,2017.0,2
MAN/SEN/83K03/2015/56,Manipur,Senapati,25.318628,94.092053,Shale,2015.0,2
MN/UKH/83K11/2017/51,Manipur,Ukhrul,25.418361,94.578528,Shale,2017.0,2
MAN/SEN/83K03/2015/85,Manipur,Senapati,25.257919,94.091564,Shale,2015.0,2
MAN/SEN/83K04/2015/93,Manipur,Senapati,25.173056,94.136261,Shale,2015.0,2
MN/WEI/83H13/2020/1,Manipur,West Imphal,24.84,93.9,"Shale, siltstone, greywacke rhythmite & sandstone",2020.0,2
MN/PZL/83H03/2020/10,Manipur,Pherzawl,24.29,93.11,Shale of Jenam Formation.,2020.0,2
MN/NON/83H10/2018/30,Manipur,Noney,24.615083,93.696844,Sandstone and shale intercalation,2018.0,2
MAN/TAM/83G12/2017/0140,Manipur,Tamenglong,25.159386,93.720417, ,2017.0,2
MAN/TAM/83G12/2017/0025,Manipur,Tamenglong,25.159778,93.7065, ,2017.0,2
MAN/SEN/83G14/2015/30,Manipur,Senapati,25.527,93.953,Sandstone dominated Barails,2015.0,2
MN/UKH/83K11/2017/92,Manipur,Ukhrul,25.45475,94.552583,Shale,2017.0,2
MN/PZL/83H04/2020/5,Manipur,Pherzawl,24.23,93.08,Shale of Jenam Formation.,2020.0,2
AR/ANJ/91D11/2014/31,Arunachal Pradesh,Anjaw,28.26814,96.55728,Highly jointed gneiss,2014.0,2
AR/CHNG/92A07/2022/064,Arunachal Pradesh,Changlang,27.474408,96.408773,Intercalation of weathered sandstone -siltstone –mudstone of Tipam Formation.,2022.0,2
AP/DV/82P/13/2022/LS-114,Arunachal Pradesh,Dibang Valley,28.775779,95.890362,Gneiss,2022.0,2
AP/E-Siang/82P8/2021/LS18,Arunachal Pradesh,East Siang,28.138811,95.254821,"Quaternary river terrace, pebbly bed",2021.0,2
AR/ANJ/91D11/2014/34,Arunachal Pradesh,Anjaw,28.31211,96.61719,Colluvium (10 – 15 m) consisting of rock boulders embedded in sandy matrix,2014.0,2
AP/LDV/82P15/2022/21,Arunachal Pradesh,Lower Dibang Valley,28.243461,95.894049,Chlorite schist of Dibang Group,2022.0,2
AP/LDV/82P11/2022/LS66,Arunachal Pradesh,East Siang,28.165684,95.462909,Older alluvium,2022.0,2
AP/DV/82P15/2022/11,Arunachal Pradesh,Dibang Valley,28.297476,95.791016,Quartzite of Boling Group,2022.0,2
ARN/TWNG/78M14/2016/0007,Arunachal Pradesh,Tawang,27.589889,91.881194,Unconsolidated slope forming material,2016.0,2
AR/CHNG/92A03/2022/083,Arunachal Pradesh,Changlang,27.29268,96.024049,Shale-Carbonaceous shale intercalation of Barail Group,2022.0,2
AR/CHNG/92A07/2022/074,Arunachal Pradesh,Changlang,27.453197,96.444944,"Sandstone &mudstone, Tipam Fm.",2022.0,2
AR/USI/82L13/2022/46,Arunachal Pradesh,Upper Siang,28.787486,94.819425,Chlorite schist,2022.0,2
AP/LDV/82P16/2022/151,Arunachal Pradesh,Lower Dibang Valley,28.309975,95.952909,Quartzite of Dibang Group,2022.0,2
AR/CHNG/83M12/2022/043,Arunachal Pradesh,Changlang,27.115545,95.733337,Shale of Disang Group,2022.0,2
ARN/PAP/83E11/2017/03,Arunachal Pradesh,Papum Pare,27.10736,93.64975, ,2017.0,2
ARN/TWNG/78M14/2016/0016,Arunachal Pradesh,Tawang,27.587611,91.894167,Sand and slity clay with fragments of quartzo-felspathic gneiss,2016.0,2
AP/DV/82P15/2022/135,Arunachal Pradesh,Dibang Valley,28.476722,95.841356,Chlorite schist of Dibang Group,2022.0,2
AR/WKG/83A03/2021/028,Arunachal Pradesh,West Kameng,27.456278,92.109556,Muscovite schist,2021.0,2
AR/CHNG/83M12/2022/050,Arunachal Pradesh,Changlang,27.057191,95.716883,Shale of Disang Group,2022.0,2
AP/DV/82P/14/2022/LS-99,Arunachal Pradesh,Lower Dibang Valley,28.266271,95.609385,gneiss ,2022.0,2
AP/KK/83E09/2021/30,Arunachal Pradesh,Kurung Kumey,27.854583,93.484722,Schist,2021.0,2
AR/EK/ 83A14/2020-21/08,Arunachal Pradesh,East Kameng,27.543778,92.982806,Mica biotite gneiss,2020.0,2
AP/PAP/83E16/2021/17,Arunachal Pradesh,Papum Pare,27.246111,93.804667,Weathered granite gneiss,2021.0,2
AP/WSG/83I09/2021/117,Arunachal Pradesh,West Siang,27.664972,94.693861,Sandstone,2021.0,2
AR/US/82P02/2022/070,Arunachal Pradesh,Upper Siang,28.550694,95.158333,Shale of Yingkiong Group,2022.0,2
AP/KM/83I01/2021/5,Arunachal Pradesh,Kamle,27.8305,94.157444,Mica rich gneiss,2021.0,2
AP/PAP/83E15/2021/26,Arunachal Pradesh,Papum Pare,27.294278,93.802056,"Highly weathered gneiss, carb shales and sandstone",2021.0,2
AP/E-Siang/82P8/2021/LS8,Arunachal Pradesh,East Siang,28.099858,95.282975,Interbedded carbonaceous shale and sandstone,2021.0,2
AP/LDV/82P16/2022/78,Arunachal Pradesh,Lower Dibang Valley,28.249718,95.546273,Shale of Miri Group,2022.0,2
AP/E-Siang/82P8/2022/LS44,Arunachal Pradesh,Dibang Valley,28.786868,95.908637,Lower Shiwalik,2022.0,2
AP/AW/91D8/2022/83,Arunachal Pradesh,Anjaw,28.106321,96.447245,Granitoid of Lohit Granitoid Complex,2022.0,2
AR/WKG/83A03/2021/023,Arunachal Pradesh,West Kameng,27.395444,92.164167,Overburden covered slope,2021.0,2
AR/CHNG/92A07/2022/061,Arunachal Pradesh,Changlang,27.479141,96.403435,"Sandstone-Siltstone intercalation, Tipam Fm.",2022.0,2
AP/WSG/83I09/2021/104,Arunachal Pradesh,West Siang,27.777278,94.715583,Sandstone,2021.0,2
AP/E-Siang/82P8/2022/LS53,Arunachal Pradesh,East Siang,28.142551,95.287886,older compacted debris,2022.0,2
AP/E-Siang/82P8/2021/LS28,Arunachal Pradesh,Lower Dibang Valley,28.263228,95.570962,Quartzite,2021.0,2
AR/CHNG/83M16/2022/105,Arunachal Pradesh,Changlang,27.160065,95.754919,"Splintery Shale-siltstone intercalation, Disang Group",2022.0,2
AP/E-Siang/82P8/2021/LS15,Arunachal Pradesh,East Siang,28.113846,95.273389,"Quaternary river terrace, pebbly bed",2021.0,2
AR/WSI/82L15/2022/53,Arunachal Pradesh,West Siang,28.2823,94.863031,Phyllite,2022.0,2
AR/US/82P04/2022/049,Arunachal Pradesh,Upper Siang,28.622722,95.043528,Quartzite-Miri Group,2022.0,2
AR/LD/82P04/2022/034,Arunachal Pradesh,Lower dibang valley,27.951306,95.074056,Alluvium,2022.0,2
AP/PAP/83E11/2021/77,Arunachal Pradesh,Papum Pare,27.251806,93.504278,Weathered granite gneiss,2021.0,2
AR/ES/82P04/2022/010,Arunachal Pradesh,East Siang,28.169583,95.223917,Quartzite-Miri Group,2022.0,2
AP/PAP/83E12/2021/71,Arunachal Pradesh,Papum Pare,27.223667,93.580417,Granite gneiss,2021.0,2
AP/KK/83E09/2021/21,Arunachal Pradesh,Kurung Kumey,27.866083,93.467306,Schist,2021.0,2
AP/LDV/82P11/2022/LS63,Arunachal Pradesh,East Siang,28.163322,95.459813,Older alluvium,2022.0,2
AR/LPD/82L12/2021/02,Arunachal Pradesh,Leparada,28.013577,94.568456,Phyllite,2021.0,2
AR/S/82P04/2022/029,Arunachal Pradesh,Siang,28.174806,95.025111,carbonaceous shale,2022.0,2
AP/PAP/83E11/2021/76,Arunachal Pradesh,Papum Pare,27.2495,93.507833,Weathered granite gneiss,2021.0,2
AP/PAP/83E15/2021/20,Arunachal Pradesh,Papum Pare,27.269861,93.802361,Weathered Bomdila gneiss,2021.0,2
AP/PAP/83E12/2021/75,Arunachal Pradesh,Papum Pare,27.235306,93.524389,Mica schist,2021.0,2
AP/DV/82P/13/2022/LS-139,Arunachal Pradesh,Dibang Valley,28.873622,95.850285,Gneiss,2022.0,2
AP/WSG/83I09/2021/102,Arunachal Pradesh,West Siang,27.720444,94.721528,Micaceous sandstone,2021.0,2
ARN/LS/83E15/2016/03,Arunachal Pradesh,Lower Subansiri,27.307072,93.806008,Weathered gneiss (Potin Formation of Bomdila Group),2016.0,2
AR/TIR/83M12/2022/036,Arunachal Pradesh,Tirap,27.105748,95.654176,Shale-sandstone-siltstone intercalation of Barail Group,2022.0,2
AP/LDV/82P16/2022/112,Arunachal Pradesh,Lower Dibang Valley,28.30984,95.984084,Chlorite schist with phyllite of Dibang Group,2022.0,2
AP/DV/82P15/2022/144,Arunachal Pradesh,Dibang Valley,28.457775,95.853489,Quartzite of Dibang Group,2022.0,2
AP/DV/82P/13/2022/LS-108,Arunachal Pradesh,Dibang Valley,28.628208,95.85647,Gneiss,2022.0,2
AP/KRA/83E10/2021/33,Arunachal Pradesh,Kra Daadi,27.637611,93.637722,Weathered Gneiss,2021.0,2
AR/WSI/82L11/2021/18,Arunachal Pradesh,West Siang,28.42636,94.6774,Micaceous laminated quartzite,2021.0,2
AR/CHNG/83M15/2022/091,Arunachal Pradesh,Changlang,27.287781,95.978389,Siltstone-shale intercalation of Barail Group,2022.0,2
AR/WSI/82L12/2021/10,Arunachal Pradesh,West Siang,28.021678,94.536256,Quartzite,2021.0,2
AR/WKA/83A12/2014/23,Arunachal Pradesh,West Kameng,27.06658,92.59572,"Rock boulders embedded in the sandy, overburden material resting over the Siwalik sandstones",2014.0,2
AR/ES/82P04/2022/004,Arunachal Pradesh,East Siang,28.154111,95.181694,"Orthoquartzite with shale, Miri Group",2022.0,2
AR/CHNG/92A03/2022/098,Arunachal Pradesh,Changlang,27.268973,96.037707,Carbonaceous shale-shale-siltstone intercalation of Barail Gruop,2022.0,2
AP/LDV/82P16/2022/54,Arunachal Pradesh,Lower Dibang Valley,28.21909,95.791084,Chlorite schist of Dibang Group,2022.0,2
AR/EK/ 83A14/2020-21/05,Arunachal Pradesh,East Kameng,27.553611,92.975583,Highly weathered and fractured coarse grained mica biotite gneiss with development of local schistosity. S1 plane: 60°/270° striking N5°E.,2020.0,2
AR/EK/ 83A14/2020-21/30,Arunachal Pradesh,East Kameng,27.535806,92.930667,Quartz mica schist and gneiss,2020.0,2
AP/DV/82P15/2022/122,Arunachal Pradesh,Dibang Valley,28.498464,95.828278,Chlorite schist of Dibang Group,2022.0,2
AR/WS/82L16/2022/082,Arunachal Pradesh,West Siang,28.226722,94.895611,Quartzite of Boleng Group,2022.0,2
AR/TIR/83N09/2022/017,Arunachal Pradesh,Tirap,26.904294,95.549313,"Intercalation of carbonaceous shale- siltstone, Barail Group",2022.0,2
AR/TIR/83N05/2022/008,Arunachal Pradesh,Tirap,26.936043,95.370996,"Shale and grey shale, Disang Group",2022.0,2
AR/USI/82L13/2022/45,Arunachal Pradesh,Upper Siang,28.787937,94.820098,Quartz-Chlorite Schist,2022.0,2
AR/TIR/83M12/2022/038,Arunachal Pradesh,Tirap,27.099707,95.641075,Intercalation of sandstone-siltstone – shale of Barail Group.,2022.0,2
AP/PAP/83E15/2021/22,Arunachal Pradesh,Papum Pare,27.2745,93.797833,Weathered Bomdila gneiss,2021.0,2
AR/US/82P02/2022/064,Arunachal Pradesh,Upper Siang,28.614667,95.063611,Sandstone and Shale of Yingkiong Group,2022.0,2
AR/WS/82L16/2022/080,Arunachal Pradesh,West Siang,28.506306,94.873361,Quartzite of Boleng Group,2022.0,2
AR/CHNG/92A07/2022/072,Arunachal Pradesh,Changlang,27.447181,96.439865,"Sandstone &mudstone , Tipam Fm.",2022.0,2
AP/AW/91D8/2022/93,Arunachal Pradesh,Anjaw,28.090087,96.454067,Granitoid of Lohit Granitoid Complex,2022.0,2
AR/EK/ 83A14/2020-21/26,Arunachal Pradesh,East Kameng,27.530556,92.959167,Gneiss,2020.0,2
AR/WSI/82L12/2021/12,Arunachal Pradesh,West Siang,28.133963,94.611953,Micaceous Quarzite,2021.0,2
AP/US/83E09/2021/16,Arunachal Pradesh,Upper Subansiri,27.844444,93.973944,Gneiss,2021.0,2
ARN/TWG/78M14/2016/0026,Arunachal Pradesh,Tawang,27.599,91.876528,Overburden. (Comprise of loose and unconsolidated slope forming materials),2016.0,2
AR/TIR/83M12/2022/039,Arunachal Pradesh,Tirap,27.095969,95.634872,Overburden covered slope: predominantly weathered intercalation of sandstone- shale-silstone of Barail Group.,2022.0,2
AP/LDV/82P16/2022/114,Arunachal Pradesh,Lower Dibang Valley,28.312731,95.975665,Chlorite schist with phyllite of Dibang Group,2022.0,2
AP/AW/91D8/2022/85,Arunachal Pradesh,Anjaw,28.105572,96.447685,Granitoid of Lohit Granitoid Complex,2022.0,2
AR/WKG/83A03/2021/022,Arunachal Pradesh,West Kameng,27.396722,92.163861,Muscovite schist,2021.0,2
AP/KK/83E09/2021/20,Arunachal Pradesh,Kurung Kumey,27.863722,93.473389,Schist,2021.0,2
AP/LDV/82P16/2022/31,Arunachal Pradesh,Lower Dibang Valley,28.24175,95.925012,Peridotite of Mayudia Ultramafic Complex,2022.0,2
AR/CHNG/92A07/2022/067,Arunachal Pradesh,Changlang,27.466137,96.407194,Siltstone of Tipam Fm,2022.0,2
AR/WKG/83A03/2021/032,Arunachal Pradesh,West Kameng,27.405861,92.133778,Overburden covered slope,2021.0,2
AR/TIR/83N09/2022/016,Arunachal Pradesh,Tirap,26.919823,95.545421,"Intercalation of Siltstone-Sandstone-Shale, Barail Group",2022.0,2
AP/LDV/82P16/2022/63,Arunachal Pradesh,Lower Dibang Valley,28.212275,95.802589,Quartzite of Boleng Group,2022.0,2
AR/CHNG/92A07/2022/068,Arunachal Pradesh,Changlang,27.460656,96.412177,Siltstone and Clay Tipam Fm.,2022.0,2
AP/WSG/83I09/2021/107,Arunachal Pradesh,West Siang,27.760194,94.712278,Sandstone,2021.0,2
AP/LDV/82P11/2022/LS82,Arunachal Pradesh,Dibang Valley,28.615893,95.859914,Shiwalik,2022.0,2
AR/ANJ/91D11/2014/36,Arunachal Pradesh,Anjaw,28.26522,96.57889,Colluvial debris of rock boulders and fragments embedded in a sandy matrix,2014.0,2
AR/CHNG/83M12/2022/031,Arunachal Pradesh,Changlang,27.12922,95.684101,Intercalation of shale-grey shale of Disang Group.,2022.0,2
AR/USI/82L14/2022/37,Arunachal Pradesh,Upper Siang,28.744078,94.86976,Quartzite,2022.0,2
AR/CHNG/83M12/2022/100,Arunachal Pradesh,Changlang,27.153826,95.77545,Splintery Shale of Disang Group,2022.0,2
AR/EK/ 83A14/2020-21/25,Arunachal Pradesh,East Kameng,27.5335,92.964861,Jointed Gneiss,2020.0,2
AR/LPD/82L12/2021/07,Arunachal Pradesh,Leparada,28.026733,94.593471,Quartz-mica schist,2021.0,2
AP/PAP/83E15/2021/50,Arunachal Pradesh,Papum Pare,27.260722,93.780306,Sandstone,2021.0,2
AP/EK/83E03/2021/20,Arunachal Pradesh,East Kameng,27.301139,93.091889,Gneiss of Bomdilla Group,2021.0,2
AR/ESI/82L15/2022/58,Arunachal Pradesh,East Siang,28.280246,94.953896,Schistose Quarzite,2022.0,2
AR/LPD/82L12/2021/05,Arunachal Pradesh,Leparada,28.024691,94.553634,Quartz-mica schist,2021.0,2
AR/ESI/82L15/2022/57,Arunachal Pradesh,East Siang,28.274019,94.962496,Quartz-mica schist,2022.0,2
AP/LDV/82P/11/2022/LS-87,Arunachal Pradesh,Lower Dibang Valley,28.259561,95.568965,Quartzites and phyllites,2022.0,2
AP/LDV/82P16/2022/55,Arunachal Pradesh,Lower Dibang Valley,28.217204,95.789599,Chlorite schist of Dibang Group,2022.0,2
AP/LSB/83E14/2021/39,Arunachal Pradesh,Lr. Subansiri,27.666556,93.891861,Weathered Gneiss,2021.0,2
AP/DV/82P/13/2022/LS-136,Arunachal Pradesh,Dibang Valley,28.863017,95.856703,Gneiss,2022.0,2
AR/WKG/83A12/2021/002,Arunachal Pradesh,West Kameng,27.106939,92.573544,Predominantly sandstone,2021.0,2
AP/EK/83A15/2021/51,Arunachal Pradesh,East Kameng,27.34675,93.018528,Gneiss of Bomdilla Group (highly weathered),2021.0,2
AR/WKG/83A07/2021/012,Arunachal Pradesh,West Kameng,27.266667,92.404389,Mica chlorite schist,2021.0,2
AP/KD/83E09/2021/45,Arunachal Pradesh,Kra Daadi,27.756778,93.436761,Siltstone/shale,2021.0,2
AP/DV/82P/13/2022/LS-135,Arunachal Pradesh,Dibang Valley,28.858358,95.858469,Gneiss,2022.0,2
AP/LDV/82P16/2022/42,Arunachal Pradesh,Lower Dibang Valley,28.245016,95.77363,Quartzite of Boling Group,2022.0,2
AP/PP/83E12/2008/A-7,Arunachal Pradesh,Papum Pare,27.105556,93.699722, ,2008.0,3
AP/US/83I01/2021/11,Arunachal Pradesh,Upper Subansiri,28.005389,94.201306,Metagranitoid,2021.0,2
AR/LOH/92A05/2014/51,Arunachal Pradesh,Lohit,27.91669,96.33833,Profusely jointed and sheared gniesses,2014.0,2
AP/LEP/83I09/2021/83,Arunachal Pradesh,Lepa rada,27.94175,94.695694,Siltstone,2021.0,2
AP/E-Siang/82P8/2022/LS52,Arunachal Pradesh,East Siang,28.142304,95.288126,Lower Shiwalik,2022.0,2
AP/DV/82P15/2022/147,Arunachal Pradesh,Dibang Valley,28.450374,95.855884,Quartzite of Dibang Group,2022.0,2
AR/S/82P04/2022/028,Arunachal Pradesh,Siang,28.133611,95.11125,Orthoquartzite,2022.0,2
AR/ESI/82L15/2022/54,Arunachal Pradesh,East Siang,28.260051,94.984752,Phyllite,2022.0,2
AR/EK/ 83A14/2020-21/12,Arunachal Pradesh,East Kameng,27.566131,92.973072,Highly weathered gneiss,2020.0,2
AP/US/83E09/2021/15,Arunachal Pradesh,Upper Subansiri,27.840167,93.980861,Gneiss,2021.0,2
AP/EK/83E04/2021/32,Arunachal Pradesh,East Kameng,27.177667,93.148694,Gneiss of Bomdila Group,2021.0,2
AP/LDV/82P/11/2022/LS-88,Arunachal Pradesh,Lower Dibang Valley,28.261147,95.567331,Quartzites and phyllites,2022.0,2
AR/TIR/83N05/2022/010,Arunachal Pradesh,Tirap,26.943433,95.385986,"Shale and grey shale, Disang Group",2022.0,2
AP/LDV/82P11/2022/LS79,Arunachal Pradesh,Dibang Valley,28.85641,95.859872,Quartzites and Phyllites,2022.0,2
AP/E-Siang/82P8/2022/LS40,Arunachal Pradesh,Dibang Valley,28.625114,95.852703,Lower Shiwalik,2022.0,2
AR/S/82P04/2022/031,Arunachal Pradesh,Siang,28.22675,94.225111,Quartzite-Miri Group,2022.0,2
AP/KD/83E09/2021/37,Arunachal Pradesh,Kra Daadi,27.794583,93.597306,Siltstone,2021.0,2
AP/LDV/82P/11/2022/LS-95,Arunachal Pradesh,Lower Dibang Valley,28.263731,95.551326,Quartzites and Phyllites,2022.0,2
AP/LDV/82P16/2022/153,Arunachal Pradesh,Lower Dibang Valley,28.286447,95.920837,Basic schist of Mayudia Ultramafic complex,2022.0,2
AR/WKG/83A07/2021/014,Arunachal Pradesh,West Kameng,27.278417,92.426917,Biotite gneiss,2021.0,2
AR/ANJ/91D12/2014/08,Arunachal Pradesh,Anjaw,28.28331,96.58094,Weathered and jointed gneissic bedrock with pegmatite veins.,2014.0,2
AP/PAP/83E16/2021/52,Arunachal Pradesh,Papum Pare,27.248167,93.765889,Sandstone and shale,2021.0,2
AR/CHNG/92A07/2022/065,Arunachal Pradesh,Changlang,27.470221,96.407798,Sandstone siltstone intercaltions of Tipam Fm,2022.0,2
AR/CHNG/92A03/2022/081,Arunachal Pradesh,Changlang,27.305527,96.224831,"Siltstone intercalated with shale, Barail Group",2022.0,2
AR/WKG/83A12/2021/040,Arunachal Pradesh,West Kameng,27.167139,92.587917,Overburden covered slope,2021.0,2
AR/WKG/83A07/2021/019,Arunachal Pradesh,West Kameng,27.300667,92.391833,Overburden covered slope,2021.0,2
AR/CHNG/83M12/2022/046,Arunachal Pradesh,Changlang,27.093755,95.731806,Shale of Disang Group,2022.0,2
AP/LDV/82P16/2022/36,Arunachal Pradesh,Lower Dibang Valley,28.240521,95.866592,Quartzite of Boling Group,2022.0,2
AR/CHNG/83M15/2022/090,Arunachal Pradesh,Changlang,27.299744,95.987092,Shale-siltstone intercalation of Barail Gruop,2022.0,2
AP/PAP/83E12/2021/62,Arunachal Pradesh,Papum Pare,27.234139,93.707861,Sandstone,2021.0,2
AR/ANJ/91D12/2014/02,Arunachal Pradesh,Anjaw,28.08014,96.52356,Alluvium,2014.0,2
AP/EK/83E03/2021/04,Arunachal Pradesh,East Kameng,27.422111,93.014639,Gneiss of Bomdila Group,2021.0,2
AR/WKG/83A12/2021/009,Arunachal Pradesh,West Kameng,27.20675,92.537389,Overburden covered slope,2021.0,2
AR/TIR/83N05/2022/011,Arunachal Pradesh,Tirap,26.976731,95.423103,Shale-Siltstone intercalation of Disang Group,2022.0,2
AP/LDV/82P16/2022/52,Arunachal Pradesh,Lower Dibang Valley,28.229809,95.779855,Silty shale of Siwalik Group,2022.0,2
AP/ES/82P12/2022/79,Arunachal Pradesh,East Siang,28.237716,95.535611,Shale of Miri Group,2022.0,2
AP/EK/83E03/2021/43,Arunachal Pradesh,East Kameng,27.411944,93.010528,Schist of Bomdila Group,2021.0,2
AP/DV/82P15/2022/123,Arunachal Pradesh,Dibang Valley,28.498405,95.827217,Chlorite schist of Dibang Group,2022.0,2
AP/E-Siang/82P8/2021/LS20,Arunachal Pradesh,East Siang,28.140915,95.266966,Slate,2021.0,2
AP/PAP/83E15/2021/51,Arunachal Pradesh,Papum Pare,27.258556,93.778167,Micaceous Sandstone,2021.0,2
AR/US/82P02/2022/065,Arunachal Pradesh,Upper Siang,28.609361,95.088583,Shale,2022.0,2
AR/ES/82P04/2022/002,Arunachal Pradesh,East Siang,28.145306,95.239167,"Orthoquartzite with shale, Miri Group",2022.0,2
AR/LOH/92A05/2014/12,Arunachal Pradesh,Lohit,27.94903,96.39158,Micaceous metasedimentaries of Tiding Formation (schist).,2014.0,2
AR/USI/82L13/2022/50,Arunachal Pradesh,Upper Siang,28.810126,94.785508,Biotite Gneiss,2022.0,2
AR/ESI/82L15/2022/59,Arunachal Pradesh,East Siang,28.287317,94.947651,Schistose Quarzite,2022.0,2
AP/AW/91D8/2022/97,Arunachal Pradesh,Anjaw,28.083417,96.461433,Granitoid of Lohit Granitoid Complex,2022.0,2
AR/USI/82P02/2022/32B,Arunachal Pradesh,Upper Siang,28.694531,95.001999,Purple Phyllite/Schist,2022.0,2
AR/LOH/92A05/2014/24,Arunachal Pradesh,Lohit,27.91897,96.33108,Quartzo-felsphatic gneiss. Rockmass infested by vein quartz and feldsphathic veination,2014.0,2
AP/WSG/83I09/2021/118,Arunachal Pradesh,West Siang,27.662194,94.702667,Siltstone,2021.0,2
AP/DV/82P15/2022/134,Arunachal Pradesh,Dibang Valley,28.479902,95.839317,Chlorite schist of Dibang Group,2022.0,2
AP/PAP/83E15/2021/28,Arunachal Pradesh,Papum Pare,27.307111,93.806306,weathered leuco granite gneiss,2021.0,2
AP/DV/82P/13/2022/LS-134,Arunachal Pradesh,Dibang Valley,28.852213,95.863907,Gneiss,2022.0,2
AR/CHNG/83M15/2022/092,Arunachal Pradesh,Changlang,27.287855,95.977914,Siltstone-shale-carbonaceous intercalation of Barail Group,2022.0,2
AP/EK/83E03/2021/25,Arunachal Pradesh,East Kameng,27.215944,93.069222,Schist of Bomdila Group,2021.0,2
AP/WK/83E12/2008/A-11,Arunachal Pradesh,West Kameng,27.093889,92.591389,Sandstone,2008.0,2
AR/US/82P02/2022/068,Arunachal Pradesh,Upper Siang,28.56525,95.148333,Shale of Yingkiong Group,2022.0,2
AP/LEP/83I09/2021/80,Arunachal Pradesh,Lepa rada,27.957306,94.68625,Quartzite,2021.0,2
AP/LDV/82P16/2022/51,Arunachal Pradesh,Lower Dibang Valley,28.209018,95.80348,Silty shale of Siwalik Group,2022.0,2
AR/EK/ 83A14/2020-21/04,Arunachal Pradesh,East Kameng,27.549389,92.979028,Mica biotite gneiss (highly weathered and jointed ),2020.0,2
AR/WKG/83A03/2021/039,Arunachal Pradesh,West Kameng,27.358194,92.24325,Overburden covered slope (Colluvium),2021.0,2
AP/DV/82P15/2022/146,Arunachal Pradesh,Dibang Valley,28.454481,95.854029,Quartzite of Dibang Group,2022.0,2
AR/WKG/83A07/2021/015,Arunachal Pradesh,West Kameng,27.291528,92.391778,Overburden covered slope,2021.0,2
AR/US/82P04/2022/056,Arunachal Pradesh,Upper Siang,28.514083,95.178278,Shale,2022.0,2
AP/DV/82P15/2022/126,Arunachal Pradesh,Dibang Valley,28.490519,95.832301,Overburden covered slope,2022.0,2
AP/DV/82P/13/2022/LS-109,Arunachal Pradesh,Dibang Valley,28.763802,95.868513,Gneiss,2022.0,2
AR/US/82P04/2022/048,Arunachal Pradesh,Upper Siang,28.626972,95.035722,Shale,2022.0,2
AP/LDV/82P11/2022/LS81,Arunachal Pradesh,Dibang Valley,28.62267,95.856377,Shiwalik,2022.0,2
AR/LOH/92A05/2014/20,Arunachal Pradesh,Lohit,27.96325,96.40097,Phyllite (grey) of Tidding Formation,2014.0,2
AP/E-Siang/82P8/2022/LS47,Arunachal Pradesh,East Siang,28.094144,95.282568,Lower Shiwalik,2022.0,2
AR/CHNG/83M12/2022/030,Arunachal Pradesh,Changlang,27.132794,95.687302,Shale of Disang Group,2022.0,2
AR/ANJ/91D12/2014/07,Arunachal Pradesh,Anjaw,28.11781,96.54906,Colluvial debris deposited on the banks of the turbulent streams.,2014.0,2
AR/ANJ/91D12/2014/42,Arunachal Pradesh,Anjaw,28.20867,96.53222,Colluvial debris of rock boulders and fragments in a sandy matrix,2014.0,2
AP/LDV/82P16/2022/46,Arunachal Pradesh,Lower Dibang Valley,28.240442,95.774201,Sandstone of Siwalik Group,2022.0,2
ME/EKJ/78O14/2015/20,Meghalaya,East Khasi Hills,25.643591,91.890859,Quartzite with minor phylite & quartz mica schist,2015.0,2
MG/EKH/78O11/2017/9,Meghalaya,East Khasi Hills,25.299931,91.726268,Fossiliferous limestone/calcareous shalesst,2017.0,2
MG/WKH/78O02/2017/44,Meghalaya,West Khasi Hills,25.664111,91.089556,Mica (Biotite) Gneiss,2017.0,2
MG/WKH/78O02/2017/69,Meghalaya,West Khasi Hills,25.599817,91.176394,Mica (Biotite) Gneiss,2017.0,2
MG/EJH/83C11/2018/6,Meghalaya,East Jaintia Hills,25.363156,92.618839,Sandstone and shale,2018.0,2
ME/EKJ/78O15/2015/111,Meghalaya,East Khasi Hills,25.301559,91.922585,Loose debris,2015.0,2
MG/WKH/78O03/2017/12,Meghalaya,West Khasi Hills,25.295881,91.071747,Arkose/ gritty sandstone,2017.0,2
MG/WKH/78O02/2017/52,Meghalaya,West Khasi Hills,25.537344,91.207542,Mica (Biotite) Gneiss,2017.0,2
MG/EKH/78O12/2017/76,Meghalaya,East Khasi Hills,25.160222,91.527843,Medium grained frible sanstone,2017.0,2
MEG/WJH/83C4/2016/126,Meghalaya,East Jaintia Hills,25.264575,92.381497,Sandstone,2016.0,2
MEG/WJH/83C4/2016/104,Meghalaya,East Jaintia Hills,25.097997,92.355972,Sandstone and shale,2016.0,2
ME/EKH/83C02/2015/164,Meghalaya,East Khasi Hills,25.539611,92.001556,Quartzite,2015.0,2
MEG/WJH/83C4/2016/107,Meghalaya,East Jaintia Hills,25.117453,92.35705,Shale,2016.0,2
MG/WKH/78O02/2017/15,Meghalaya,West Khasi Hills,25.550608,91.232894,Mica (Biotite) Gneiss,2017.0,2
MG/WKH/78O02/2017/35,Meghalaya,West Khasi Hills,25.552647,91.237072,Mica (Biotite) Gneiss,2017.0,2
ME/EKJ/78O15/2015/120,Meghalaya,East Khasi Hills,25.269949,91.875273,Loose debris,2015.0,2
MG/EKH/78O12/2017/6,Meghalaya,East Khasi Hills,25.247226,91.671435,Mica (Biotite) gneiss,2017.0,2
ME/EKJ/78O15/2015/90,Meghalaya,East Khasi Hills,25.394983,91.872484,Quartzite with minor phylite & quartz mica schist,2015.0,2
MEG/EKH/78O10/2016/29,Meghalaya,East Khasi Hills,25.507586,91.708236,Loose debris,2016.0,2
ME/WJH/83C03/2015/145,Meghalaya,West Jaintia Hills,25.439833,92.181333,Sandstone,2015.0,2
ME/EKJ/78O14/2015/49,Meghalaya,East Khasi Hills,25.630652,91.87886,Loose debris,2015.0,2
ME/EKJ/78O15/2015/84,Meghalaya,East Khasi Hills,25.385535,91.988473,Quartzite with minor phylite & quartz mica schist,2015.0,2
MG/SWK/78O04/2017/1,Meghalaya,South West Khasi  Hills,25.211269,91.208223,"Arkose/gritty sandstone, coal,fireclay & shale",2017.0,2
ML/EKH/78O14/2014/03,Meghalaya,East Khasi Hills,25.57822,91.86545,Shillong Group of rock overlain by superficial slope wash material with variable in-situ soil.,2014.0,3
MG/EJH/83C11/2018/3,Meghalaya,East Jaintia Hills,25.35465,92.5735,Sandstone and shale,2018.0,2
MG/EJH/83C11/2018/1,Meghalaya,East Jaintia Hills,25.484178,92.510928,Migmatite,2018.0,2
MEG/WJH/83C4/2016/105,Meghalaya,East Jaintia Hills,25.113586,92.370594,Sandstone and shale,2016.0,2
MEG/WJH/83C4/2016/28,Meghalaya,West Jaintia Hills,25.191611,92.155361,Sandstone,2016.0,2
MG/WKH/78O02/2017/61,Meghalaya,West Khasi Hills,25.582061,91.185611,Mica (Biotite) Gneiss,2017.0,2
ME/WJH/83C03/2015/175,Meghalaya,West Jaintia Hills,25.463778,92.04425,Phyllite,2015.0,2
ME/EKJ/78O15/2015/119,Meghalaya,East Khasi Hills,25.2608,91.8736,Fossiliferous Limestone and Calcarious Shale/ Sandstone (Jaintia Group,2015.0,2
MG/EKH/78O12/2017/58,Meghalaya,East Khasi Hills,25.234952,91.689803,Gritty sandstone alternating with conglomerate,2017.0,2
MEG/EKH/78O10/2016/30,Meghalaya,East Khasi Hills,25.509233,91.703961,Loose debris,2016.0,2
ME/EKJ/78O15/2015/103,Meghalaya,East Khasi Hills,25.351304,91.89353,Weathered rock,2015.0,2
MG/EKH/78O16/2017/3,Meghalaya,East Khasi Hills,25.225772,91.863037,"Sandstone,limestone & calcareous shale",2017.0,2
ME/EKJ/78O15/2015/109,Meghalaya,East Khasi Hills,25.302544,91.925218,Weathered rock,2015.0,2
MG/WKH/78O02/2017/2,Meghalaya,West Khasi Hills,25.598908,91.175628,Mica (Biotite) Gneiss,2017.0,2
MG/EKH/78O16/2017/14,Meghalaya,East Khasi Hills,25.243671,91.866854,"Sandstone,limestone & calcareous shale",2017.0,2
MEG/RIB/83C1/2016/4,Meghalaya,Ri-Bhoi,25.982436,92.057405,Migmatite gneiss,2016.0,2
MEG/WJH/83C4/2016/99,Meghalaya,East Jaintia Hills,25.083361,92.361083,Shale,2016.0,2
MG/EGH/78K14/2018/5,Meghalaya,East Garo hills,25.635556,90.807778,Granite gneiss,2018.0,2
MG/EKH/78O11/2017/12,Meghalaya,East Khasi Hills,25.331948,91.661011,Porphyritic granite,2017.0,2
MG/EKH/78O12/2017/78,Meghalaya,East Khasi Hills,25.23416,91.690216,Basaltic/gabroic & doleritic dyke,2017.0,2
ML/RIB/78N16/2014/02,Meghalaya,Ri-Bhoi,26.02547,91.87158,Granite,2014.0,2
MG/WKH/78K14/2018/2,Meghalaya,West Khasi Hills,25.552992,90.814503,Granite gneiss,2018.0,2
MG/WKH/78O02/2017/78,Meghalaya,West Khasi Hills,25.649856,91.154383,Mica (Biotite) Gneiss,2017.0,2
MEG/WKH/78O10/2016/24,Meghalaya,West Khasi Hills,25.6999,91.642192,Weathered rock,2016.0,2
ME/WJH/883C03/2015/197,Meghalaya,West Jaintia Hills,25.262931,92.203628,Granite,2015.0,2
MG/EKH/78O12/2017/70,Meghalaya,East Khasi Hills,25.223553,91.671157,Gritty sandstone alternating with conglomerate,2017.0,2
MEGH/EKH/78O15/2008/D-48,Meghalaya,East Khasi Hills,25.359306,91.885111, ,2008.0,2
MG/EKH/78O16/2017/5,Meghalaya,East Khasi Hills,25.206426,91.75498,basalt,2017.0,2
ME/EKJ/78O15/2015/89,Meghalaya,East Khasi Hills,25.397287,91.872324,Quartzite with minor phylite & quartz mica schist,2015.0,2
MEGH/WKH/78O07/2007/D-13,Meghalaya,West Khasi Hills,25.44465,91.34622, ,2007.0,2
MEG/WJH/83C4/2016/20,Meghalaya,West Jaintia Hills,25.230047,92.221119,Granite,2016.0,2
ME/EKJ/78O15/2015/67,Meghalaya,East Khasi Hills,25.398345,91.769704,"Arkose/gritty sandstone, coal, fireclay & shale",2015.0,2
MEG/WJH/83C4/2016/07,Meghalaya,West Jaintia Hills,25.215028,92.075167,Sandstone,2016.0,2
MG/WGH/78K06/2020/10,Meghalaya,West Garo Hills,25.63,90.33,"Gritty sandstone, shale & fireclay.",2020.0,2
MG/WKH/78O02/2017/63,Meghalaya,West Khasi Hills,25.606189,91.157706,"Pyroxene, Cordierite Granulite",2017.0,2
MG/WKH/78O02/2017/41,Meghalaya,West Khasi Hills,25.667072,91.091972,Mica (Biotite) Gneiss,2017.0,2
MEG/WJH/83C4/2016/82,Meghalaya,East Jaintia Hills,25.045111,92.4215,Shale/Sandstone,2016.0,2
MEG/RIB/78O13/2016/9,Meghalaya,Ri-Bhoi,25.979244,91.860578,Coarse grained pink & grey granite (Nongpoh granitoid),2016.0,2
MG/EKH/78O11/2017/16,Meghalaya,East Khasi Hills,25.27342,91.578074,"Arkose/gritty sandstone, coal, fireclay & shale",2017.0,2
MG/WKH/78O02/2017/77,Meghalaya,West Khasi Hills,25.6466,91.157592,Mica (Biotite) Gneiss,2017.0,2
MG/EKH/78O16/2017/15,Meghalaya,East Khasi Hills,25.24327,91.866626,"Sandstone,limestone & calcareous shale",2017.0,2
ME/WJH/883C03/2015/192,Meghalaya,West Jaintia Hills,25.356361,92.004972,Granite,2015.0,2
ME/EKJ/78O14/2015/46,Meghalaya,East Khasi Hills,25.599096,91.859289,Weathered rock,2015.0,2
ME/EKJ/78O14/2015/01,Meghalaya,East Khasi Hills,25.626794,91.829725,Quartzite with minor phylite & quartz mica schist,2015.0,2
MEG/WJH/83C4/2016/86,Meghalaya,East Jaintia Hills,25.047906,92.404822,Shale,2016.0,2
ME/EKJ/78O15/2015/140,Meghalaya,East Khasi Hills,25.315176,91.923021,Weathered rock,2015.0,2
MG/WKH/78O02/2017/13,Meghalaya,West Khasi Hills,25.546456,91.235733,Mica (Biotite) Gneiss,2017.0,2
MEG/WKH/78O10/2016/18,Meghalaya,West Khasi Hills,25.687856,91.647944,Loose debris,2016.0,2
ML/RIB/78O13/2014/04,Meghalaya,Ri-Bhoi,25.97256,91.86242,Granite,2014.0,3
MG/WKH/78O02/2017/82,Meghalaya,West Khasi Hills,25.644833,91.134778,Mica (Biotite) Gneiss,2017.0,2
ME/WJH/83C03/2015/174,Meghalaya,West Jaintia Hills,25.343028,92.0625,Sandstone,2015.0,2
MEG/WJH/83C4/2016/43,Meghalaya,West Jaintia Hills,25.156889,92.198194,Shale/Sandstone,2016.0,2
MEG/RB/78O14/2017/01,Meghalaya,Ri-Bhoi,25.663444,91.915944,Quartzite with minor Phyllite and quartz mica schist (underlying bedrock).,2017.0,3
ME/EKJ/78O15/2015/80,Meghalaya,East Khasi Hills,25.358977,91.973477,Colluvium,2015.0,2
ME/EKH/83C02/2015/183,Meghalaya,East Khasi Hills,25.569333,92.202139,Granite,2015.0,2
MG/WKH/78O02/2017/5,Meghalaya,West Khasi Hills,25.581572,91.181611,"Pyroxene, Cordierite Granulite",2017.0,2
ME/EKJ/78O14/2015/51,Meghalaya,East Khasi Hills,25.641194,91.890667,Weathered rock,2015.0,2
ME/EKJ/78O15/2015/94,Meghalaya,East Khasi Hills,25.386191,91.874586,Quartzite with minor phylite & quartz mica schist,2015.0,2
ME/EKJ/78O14/2015/39,Meghalaya,East Khasi Hills,25.614807,91.871158,Colluvium,2015.0,2
MG/WKH/78O02/2017/25,Meghalaya,West Khasi Hills,25.572492,91.209156,Mica (Biotite) Gneiss,2017.0,2
ME/WJH/883C03/2015/188,Meghalaya,West Jaintia Hills,25.346972,92.008278,Granite,2015.0,2
ME/EKJ/78O15/2015/93,Meghalaya,East Khasi Hills,25.390145,91.87196,Quartzite with minor phylite & quartz mica schist,2015.0,2
MG/SGH/78K11/2018/3,Meghalaya,South Garo hills,25.40121,90.71722,"MICA(BIOTITE)GNEISS, HORNBLENDE GNEISS",2018.0,2
ME/WJH/883C03/2015/196,Meghalaya,West Jaintia Hills,25.400194,92.015731,Granite,2015.0,2
MG/EKH/78O12/2017/60,Meghalaya,East Khasi Hills,25.240338,91.677786,Mica(biotite) gniess,2017.0,2
MEGH/EKH/78O15/2008/D-44,Meghalaya,East Khasi Hills,25.298806,91.923167, ,2008.0,2
MEG/WJH/83C4/2016/37,Meghalaya,West Jaintia Hills,25.151189,92.191308,Granite,2016.0,2
ME/EKH/83C02/2015/159,Meghalaya,East Khasi Hills,25.674,92.157667,Granite,2015.0,2
ML/RIB/78O13/2014/10,Meghalaya,Ri-Bhoi,25.92792,91.87717,Granite,2014.0,2
MEG/WJH/83C4/2016/21,Meghalaya,West Jaintia Hills,25.229972,92.223278,Sandstone,2016.0,2
MG/WKH/78O02/2017/51,Meghalaya,West Khasi Hills,25.537636,91.208528,Mica (Biotite) Gneiss,2017.0,2
MEG/WKH/78O10/2016/22,Meghalaya,West Khasi Hills,25.696489,91.644528,Loose debris,2016.0,2
MG/WKH/78O07/2017/1,Meghalaya,South West Khasi  Hills,25.266939,91.383208,Granite,2017.0,2
ME/EKH/83C02/2015/182,Meghalaya,East Khasi Hills,25.569278,92.2025,Granite,2015.0,2
MG/EKH/78O11/2017/4,Meghalaya,East Khasi Hills,25.326032,91.659568,Porphyritic granite,2017.0,2
MEG/WJH/83C4/2016/117,Meghalaya,East Jaintia Hills,25.14775,92.375528,Shale,2016.0,2
ME/RIB/78N12/2015/104,Meghalaya,Ri-Bhoi,26.027583,91.886556,In-situ soil (silty clay),2015.0,2
ML/RIB/78N16/2014/01,Meghalaya,Ri-Bhoi,26.02897,91.87197,Granite,2014.0,2
MEG/WJH/83C4/2016/133,Meghalaya,East Jaintia Hills,25.143969,92.217497,Shale,2016.0,2
MEG/WJH/83C4/2016/66,Meghalaya,East Jaintia Hills,25.092178,92.353564,Sandstone,2016.0,2
MG/EKH/78O08/2017/4,Meghalaya,East Khasi Hills,25.160398,91.489558,Medium grained frible sanstone,2017.0,2
ME/EKJ/78O14/2015/37,Meghalaya,East Khasi Hills,25.614664,91.870266,Colluvium,2015.0,2
MG/WKH/78O06/2017/6,Meghalaya,West Khasi Hills,25.544917,91.270722,Granite,2017.0,2
MG/EKH/78O12/2017/73,Meghalaya,East Khasi Hills,25.20836,91.725397,Basaltic/gabroic & doleritic dyke,2017.0,2
MG/WKH/78O1/2020/6,Meghalaya,West Khasi Hills,25.8,91.11,Biotite Gneiss,2020.0,2
ME/EKJ/78O14/2015/43,Meghalaya,East Khasi Hills,25.619861,91.875111,Loose debris,2015.0,2
ME/EKJ/78O14/2015/38,Meghalaya,East Khasi Hills,25.614657,91.870692,Colluvium,2015.0,2
MEG/WJH/83C4/2016/59,Meghalaya,East Jaintia Hills,25.044442,92.427761,Shale/Sandstone,2016.0,2
MEGH/EKH/78O15/2008/D-42,Meghalaya,East Khasi Hills,25.301167,91.929306, ,2008.0,2
MEG/WKH/78O10/2016/10,Meghalaya,West Khasi Hills,25.548089,91.647706,Loose debris,2016.0,2
MG/WKH/78O03/2017/17,Meghalaya,West Khasi Hills,25.496861,91.198556,Mica (Biotite) Gneiss,2017.0,2
MG/WKH/78O02/2017/102,Meghalaya,West Khasi Hills,25.690833,91.056556,Mica (Biotite) Gneiss,2017.0,2
MEG/WJH/83C4/2016/26,Meghalaya,East Khasi Hills,25.184381,92.029531,Shale,2016.0,2
MG/RIB/83B04/2018/2,Meghalaya,Ri-Bhoi,26.0591,92.236,Granite,2018.0,2
MG/WKH/78O02/2017/56,Meghalaya,West Khasi Hills,25.533183,91.205647,Mica (Biotite) Gneiss,2017.0,2
MG/EKH/78O11/2017/8,Meghalaya,East Khasi Hills,25.273217,91.609962,Mica (Biotite) gneiss,2017.0,2
MG/EKH/78O16/2017/2,Meghalaya,East Khasi Hills,25.205465,91.755789,Basalt,2017.0,2
MEG/WJH/83C4/2016/08,Meghalaya,West Jaintia Hills,25.214944,92.073917,Sandstone,2016.0,2
MEG/WJH/83C4/2016/56,Meghalaya,East Jaintia Hills,25.044136,92.430244,Sandstone minor intercalation with shale,2016.0,2
MEG/WJH/83C4/2016/10,Meghalaya,West Jaintia Hills,25.211722,92.065389,Sandstone,2016.0,2
MG/SGH/78K11/2018/2,Meghalaya,South Garo hills,25.39766,90.70111,"MICA(BIOTITE)GNEISS, HORNBLENDE GNEISS",2018.0,2
MG/WKH/78O02/2017/48,Meghalaya,West Khasi Hills,25.508,91.225694,Mica (Biotite) Gneiss,2017.0,2
MG/EJH/83C11/2018/8,Meghalaya,East Jaintia Hills,25.36565,92.5314,Shale,2018.0,2
MG/WKH/78O02/2017/70,Meghalaya,West Khasi Hills,25.600736,91.177453,Mica (Biotite) Gneiss,2017.0,2
MG/WGH/78K06/2020/16,Meghalaya,West Garo Hills,25.56,90.37,Migmatite/banded gneiss,2020.0,2
MEG/RIB/83C1/2016/7,Meghalaya,Ri-Bhoi,25.75634,92.017832,Quartzite with thin bands of phyllite,2016.0,2
MG/EKH/78O11/2017/7,Meghalaya,East Khasi Hills,25.423674,91.721317,Quartzite with thin phyllite interbands,2017.0,2
MG/EKH/78O12/2017/43,Meghalaya,East Khasi Hills,25.214783,91.590875,Gritty sandstone alternating with conglomerate,2017.0,2
MG/WKH/78O06/2017/14,Meghalaya,West Khasi Hills,25.547867,91.292589,Granite,2017.0,2
ME/EKJ/78O14/2015/24,Meghalaya,East Khasi Hills,25.708426,91.896406,Loose debris,2015.0,2
MEG/WJH/83C4/2016/110,Meghalaya,East Jaintia Hills,25.111331,92.351128,Shale,2016.0,2
MEG/WJH/83C4/2016/18,Meghalaya,West Jaintia Hills,25.197283,92.2225,Granite,2016.0,2
MG/EKH/78O12/2017/59,Meghalaya,East Khasi Hills,25.230063,91.688941,Gritty sandstone alternating with conglomerate,2017.0,2
MEG/WJH/83C4/2016/22,Meghalaya,West Jaintia Hills,25.229167,92.2235,Sandstone,2016.0,2
MG/EJH/83C11/2018/19,Meghalaya,East Jaintia Hills,25.321975,92.504228,Sandstone and shale,2018.0,2
ME/EKJ/78O14/2015/44,Meghalaya,East Khasi Hills,25.599762,91.860814,Loose debris,2015.0,2
MG/WGH/78K03/2020/1,Meghalaya,West Garo Hills,25.5,90.21,Mica biotite gneiss,2020.0,2
MEG/WJH/83C4/2016/05,Meghalaya,West Jaintia Hills,25.215583,92.077639,Sandstone,2016.0,2
MG/SWK/78O04/2017/7,Meghalaya,South West Khasi  Hills,25.191366,91.040468,Alternate bands of sandsone and siltstone,2017.0,2
MG/EKH/78O11/2017/11,Meghalaya,East Khasi Hills,25.26851,91.580418,"Arkose/gritty sandstone, coal, fireclay & shale",2017.0,2
ML/RIB/78O13/2014/09,Meghalaya,Ri-Bhoi,25.937,91.87553,Granite,2014.0,2
MG/EKH/78O12/2017/42,Meghalaya,East Khasi Hills,25.180536,91.576839,"Sandstone, siltstone, shale & phosphatic nodule",2017.0,2
MG/WKH/78O06/2017/8,Meghalaya,West Khasi Hills,25.544906,91.268575,Granite,2017.0,2
ML/RIB/78N16/2014/05,Meghalaya,Ri-Bhoi,26.01061,91.86886,Granite,2014.0,2
MEG/WJH/83C4/2016/111,Meghalaya,East Jaintia Hills,25.096592,92.351017,Shale,2016.0,2
MEG/WJH/83C4/2016/88,Meghalaya,East Jaintia Hills,25.047194,92.404806,Shale,2016.0,2
MG/WKH/78O02/2017/24,Meghalaya,West Khasi Hills,25.570361,91.215056,Mica (Biotite) Gneiss,2017.0,2
MG/WKH/78O03/2017/9,Meghalaya,West Khasi Hills,25.436706,91.051053,Mica (Biotite) Gneiss,2017.0,2
ME/EKJ/78O14/2015/41,Meghalaya,East Khasi Hills,25.615134,91.872232,Loose debris,2015.0,2
ME/WJH/83C03/2015/177,Meghalaya,West Jaintia Hills,25.490961,92.070397,Quartzite,2015.0,2
MG/EKH/78O11/2017/5,Meghalaya,South West Khasi  Hills,25.289055,91.533039,Mica (Biotite) gneiss,2017.0,2
ME/EKJ/78O15/2015/128,Meghalaya,East Khasi Hills,25.325889,91.935222,Weathered rock,2015.0,2
ME/EKJ/78O15/2015/124,Meghalaya,East Khasi Hills,25.324889,91.943417,Weathered rock,2015.0,2
MEG/WJH/83C4/2016/46,Meghalaya,East Jaintia Hills,25.040511,92.446119,Shale/Sandstone,2016.0,2
MG/EKH/78O12/2017/12,Meghalaya,East Khasi Hills,25.181759,91.573658,"Sandstone, siltstone, shale & phosphatic nodule",2017.0,2
SKM/SS/78A08/2015/180,Sikkim,South Sikkim,27.165528,88.496556,Phyllite,2015.0,2
SKM/SS/78A07/2015/190,Sikkim,South Sikkim,27.251417,88.3845,No exposure,2015.0,2
SK/EAST/78A12/2015/0217,Sikkim, East Sikkim,27.195639,88.634028, ,2015.0,2
SKM/SS/78A08/2015/215,Sikkim,South Sikkim,27.153083,88.412056,Phyllite,2015.0,2
SKM/SS/78A08/2015/199,Sikkim,South Sikkim,27.220917,88.385083,Phyllite,2015.0,2
SKM/ES/78A11/2015/160,Sikkim, East Sikkim,27.369333,88.714917,Gneiss,2015.0,2
SKM/WS/78A08/2015/368,Sikkim,West Sikkim,27.243806,88.2725,No exposure,2015.0,2
SKM/ES/78A12/2015/119,Sikkim, East Sikkim,27.246194,88.625694,Phyllite,2015.0,2
SKM/NS/78A03/2017/12,Sikkim,West Sikkim,27.288444,88.102667,Granite gneiss,2017.0,2
SKM/ES/78A12/2015/135,Sikkim, East Sikkim,27.193794,88.650528,No exposure,2015.0,2
SKM/SS/78A07/2015/333,Sikkim,South Sikkim,27.303083,88.433167,No exposure,2015.0,2
SKM/ES/78A12/2015/32,Sikkim, East Sikkim,27.237694,88.598806,Phyllite,2015.0,2
SKM/SS/78A08/2015/185,Sikkim,South Sikkim,27.229417,88.378444,Phyllite with quartzite,2015.0,2
SKM/NS/78A10/2017/172,Sikkim,North Sikkim,27.529639,88.598139, ,2017.0,2
SKM/SS/78A07/2015/334,Sikkim,South Sikkim,27.282,88.415028,No exposure,2015.0,2
SKM/NS/78A04/2017/136,Sikkim,West Sikkim,27.172444,88.089528, ,2017.0,2
SKM/SS/78A08/2015/385,Sikkim,South Sikkim,27.199028,88.350417,Dolostone,2015.0,2
SK/EAST/78A12/2015/0222,Sikkim, East Sikkim,27.1585,88.529,"Chlorite sericite schist, Daling Group, Gorubathan Formation",2015.0,2
SKM/SS/78A07/2015/284,Sikkim,South Sikkim,27.302861,88.373944,No exposure,2015.0,2
SKM/SS/78A08/2015/225,Sikkim,South Sikkim,27.125528,88.384556,Phyllite,2015.0,2
SKM/SS/78A08/2015/219,Sikkim,South Sikkim,27.137694,88.401556,Phyllite with quartzite,2015.0,2
SKM/SS/78A08/2015/275,Sikkim,South Sikkim,27.162778,88.413222,Phyllite,2015.0,2
SKM/SS/78A12/2015/170,Sikkim,South Sikkim,27.160444,88.512472,Phyllite,2015.0,2
SKM/NS/78A04/2017/108,Sikkim,West Sikkim,27.152722,88.190833, ,2017.0,2
SKM/SS/78A08/2015/179,Sikkim,South Sikkim,27.162781,88.484864,Phyllite,2015.0,2
SKM/SS/78A08/2015/206,Sikkim,South Sikkim,27.194333,88.388889,No exposure,2015.0,2
SKM/ES/78A11/2015/14,Sikkim, East Sikkim,27.220861,88.657111,Granite gneiss,2015.0,2
SKM/NS/78A10/2017/168,Sikkim,North Sikkim,27.517306,88.542889,Granite gneiss,2017.0,2
SKM/SS/78A07/2015/288,Sikkim,South Sikkim,27.276167,88.398722,No exposure,2015.0,2
SKM/SS/78A08/2015/274,Sikkim,South Sikkim,27.161444,88.410556,Phyllite,2015.0,2
SKM/ES/78A11/2015/43,Sikkim, East Sikkim,27.315028,88.558611,No exposure,2015.0,2
SKM/NS/78A04/2017/111,Sikkim,West Sikkim,27.171833,88.160861, ,2017.0,2
SKM/ES/78A11/2015/45,Sikkim, East Sikkim,27.316944,88.560056,Phyllite,2015.0,2
SKM/ES/78A11/2015/412,Sikkim, East Sikkim,27.341444,88.626194,Gneiss,2015.0,2
SKM/NS/78A04/2017/98,Sikkim,West Sikkim,27.156944,88.230778, ,2017.0,2
SKM/NS/78A15/2017/161,Sikkim, East Sikkim,27.26525,88.789556, ,2017.0,2
SKM/ES/78A11/2015/400,Sikkim, East Sikkim,27.375139,88.708028,Gneiss,2015.0,2
SKM/WS/78A08/2015/294,Sikkim,West Sikkim,27.159472,88.300028,No exposure,2015.0,2
SKM/ES/78A12/2015/115,Sikkim, East Sikkim,27.205047,88.689053,Gneiss,2015.0,2
SKM/NS/78A11/2015/80,Sikkim,North Sikkim,27.378444,88.541667,Granite gneiss,2015.0,2
SKM/ES/78A12/2015/114,Sikkim, East Sikkim,27.203869,88.658333,Phyllite,2015.0,2
SKM/NS/78A11/2015/96,Sikkim,North Sikkim,27.481083,88.530667,Phyllite,2015.0,2
SKM/SS/78A08/2015/220,Sikkim,South Sikkim,27.135833,88.391111,Phyllite,2015.0,2
SKM/NS/78A03/2017/48,Sikkim,West Sikkim,27.313722,88.189917,Granite gneiss,2017.0,2
SKM/WS/78A07/2015/344,Sikkim,West Sikkim,27.26175,88.2945,No exposure,2015.0,2
SKM/NS/78A03/2017/51,Sikkim,West Sikkim,27.342,88.223722,Granite gneiss,2017.0,2
SKM/SS/78A07/2015/192,Sikkim,South Sikkim,27.254917,88.390889,No exposure,2015.0,2
SKM/WS/78A08/2015/316,Sikkim,West Sikkim,27.123889,88.319778,Schist,2015.0,2
SKM/NS/78A10/2017/170,Sikkim,North Sikkim,27.516444,88.587361, ,2017.0,2
SKM/NS/78A04/2017/89,Sikkim,West Sikkim,27.21875,88.233694, ,2017.0,2
SKM/SS/78A08/2015/178,Sikkim,South Sikkim,27.165586,88.488511,Phyllite,2015.0,2
SKM/NS/78A11/2015/69,Sikkim,North Sikkim,27.412111,88.627083,Banded biotite gneiss,2015.0,2
SKM/WS/78A08/2015/269,Sikkim,West Sikkim,27.155028,88.319556,Quartzite,2015.0,2
SKM/NS/78A10/2017/217,Sikkim,North Sikkim,27.704306,88.560694, ,2017.0,2
SKM/NS/78A11/2015/12,Sikkim,North Sikkim,27.438778,88.527444,Schist,2015.0,2
SKM/SS/78A08/2015/255,Sikkim,South Sikkim,27.084722,88.443833,Phyllite,2015.0,2
SKM/NS/78A04/2017/45,Sikkim,West Sikkim,27.245972,88.185278, ,2017.0,2
SKM/SS/78A08/2015/297,Sikkim,South Sikkim,27.172444,88.386972,Phyllite with quartzite,2015.0,2
SKM/SS/78A08/2015/238,Sikkim,South Sikkim,27.244472,88.350472,Phyllite,2015.0,2
SKM/NS/78A04/2017/127,Sikkim,West Sikkim,27.121917,88.139472,Granite gneiss,2017.0,2
SKM/NS/78A10/2017/228,Sikkim,North Sikkim,27.621806,88.618694, ,2017.0,2
SKM/NS/78A15/2017/147,Sikkim, East Sikkim,27.37475,88.782889,Granite gneiss,2017.0,2
SK/WEST/78A03/2015/0228,Sikkim, West Sikkim,27.285361,88.249028,"Mica schist, Daling Group, Gorubathan Formation",2015.0,2
SKM/NS/78A10/2017/171,Sikkim,North Sikkim,27.527333,88.590778, ,2017.0,2
SKM/NS/78A03/2017/75,Sikkim,West Sikkim,27.260861,88.233278, ,2017.0,2
SKM/NS/78A03/2017/61,Sikkim,West Sikkim,27.317417,88.182861, ,2017.0,2
SKM/ES/78A11/2015/140,Sikkim, East Sikkim,27.373083,88.720028,Gneiss,2015.0,2
SKM/NS/78A10/2017/166,Sikkim,North Sikkim,27.502,88.5375, ,2017.0,2
SKM/ES/78A11/2015/42,Sikkim, East Sikkim,27.313917,88.557583,Phyllite & slate,2015.0,2
SKM/SS/78A08/2015/306,Sikkim,South Sikkim,27.178111,88.430556,Quartzite,2015.0,2
SKM/NS/78A15/2017/153,Sikkim, East Sikkim,27.364722,88.834917, ,2017.0,2
SKM/NS/78A10/2017/209,Sikkim,North Sikkim,27.740944,88.545361, ,2017.0,2
SKM/WS/78A08/2015/351,Sikkim,West Sikkim,27.186361,88.320417,No exposure,2015.0,2
SKM/NS/78A10/2017/174,Sikkim,North Sikkim,27.527917,88.60225, ,2017.0,2
SKM/ES/78A12/2015/101,Sikkim, East Sikkim,27.178889,88.533097,Phyllite,2015.0,2
SKM/WS/78A07/2015/353,Sikkim,West Sikkim,27.395028,88.307389,Gneiss,2015.0,2
SKM/SS/78A08/2015/202,Sikkim,South Sikkim,27.21275,88.391444,Phyllite,2015.0,2
SK/WEST/78A07/2015/0226,Sikkim, West Sikkim,27.295194,88.250028,"Mica schist, Daling Group, Gorubathan Formation",2015.0,2
SKM/NS/78A11/2015/77,Sikkim,North Sikkim,27.409667,88.543722,Granite gneiss,2015.0,2
SKM/SS/78A07/2015/332,Sikkim,South Sikkim,27.279889,88.436472,Quartzite,2015.0,2
SKM/ES/78A12/2015/117,Sikkim, East Sikkim,27.207606,88.676047,Gneiss,2015.0,2
SKM/SS/78A08/2015/235,Sikkim,South Sikkim,27.233667,88.348389,Phyllite,2015.0,2
SKM/SS/78A07/2015/335,Sikkim,South Sikkim,27.297139,88.388472,No exposure,2015.0,2
SKM/NS/78A03/2017/76,Sikkim,West Sikkim,27.258306,88.245306, ,2017.0,2
SKM/NS/78A11/2015/79,Sikkim,North Sikkim,27.375139,88.542833,Granite gneiss,2015.0,2
SKM/SS/78A08/2015/313,Sikkim,South Sikkim,27.129,88.441361,Phyllite,2015.0,2
SKM/NS/78A11/2015/89,Sikkim,North Sikkim,27.441056,88.513694,Phyllite,2015.0,2
SKM/ES/78A12/2015/21,Sikkim, East Sikkim,27.235778,88.506306,No exposure,2015.0,2
SKM/NS/78A10/2017/229,Sikkim,North Sikkim,27.619722,88.618861, ,2017.0,2
SKM/NS/78A11/2015/94,Sikkim,North Sikkim,27.482583,88.529528,Phyllite,2015.0,2
SKM/NS/78A03/2017/29,Sikkim,West Sikkim,27.281611,88.229556, ,2017.0,2
SKM/NS/78A15/2017/151,Sikkim, East Sikkim,27.38375,88.808694, ,2017.0,2
SKM/NS/78A10/2017/190,Sikkim,North Sikkim,27.547111,88.602667, ,2017.0,2
SKM/NS/78A04/2017/137,Sikkim,West Sikkim,27.172083,88.090333, ,2017.0,2
SKM/NS/78A11/2015/92,Sikkim,North Sikkim,27.4795,88.528472,Phyllite,2015.0,2
SKM/ES/78A11/2015/15,Sikkim, East Sikkim,27.257083,88.65975,Granite gneiss,2015.0,2
SKM/EAS/78A11/2014/001,Sikkim, East Sikkim,27.25677,88.55359,Biotite phyllite of  Gorubathan Formation,2014.0,2
SKM/WS/78A08/2015/391,Sikkim,West Sikkim,27.230583,88.306056,Dolostone,2015.0,2
SKM/SS/78A08/2015/216,Sikkim,South Sikkim,27.130056,88.412944,No exposure,2015.0,2
SKM/SS/78A07/2015/191,Sikkim,South Sikkim,27.255389,88.388944,No exposure,2015.0,2
SKM/NS/78A04/2017/93,Sikkim,West Sikkim,27.217278,88.236944, ,2017.0,2
SKM/SS/78A08/2015/203,Sikkim,South Sikkim,27.214639,88.392417,Phyllite,2015.0,2
SKM/ES/78A12/2015/116,Sikkim, East Sikkim,27.207264,88.672817,No exposure,2015.0,2
SKM/NS/78A03/2017/03,Sikkim,West Sikkim,27.269917,88.077111, ,2017.0,2
SKM/NS/78A11/2015/10,Sikkim,North Sikkim,27.436556,88.526639,No exposure,2015.0,2
SKM/WS/78A07/2015/358,Sikkim,West Sikkim,27.275917,88.254278,Schist,2015.0,2
SKM/NS/78A10/2017/191,Sikkim,North Sikkim,27.549194,88.583556, ,2017.0,2
SKM/NS/78A11/2015/76,Sikkim,North Sikkim,27.40825,88.571167,Phyllite,2015.0,2
SKM/ES/78A12/2015/38,Sikkim, East Sikkim,27.203194,88.600278,No exposure,2015.0,2
SKM/NS/78A10/2017/181,Sikkim,North Sikkim,27.545694,88.636, ,2017.0,2
SKM/NS/78A03/2017/77,Sikkim,West Sikkim,27.259722,88.248972, ,2017.0,2
SKM/ES/78A11/2015/402,Sikkim, East Sikkim,27.378417,88.697222,Gneiss,2015.0,2
SKM/NS/78A10/2017/212,Sikkim,North Sikkim,27.728472,88.551667, ,2017.0,2
SKM/ES/78A11/2015/62,Sikkim, East Sikkim,27.383806,88.633083,Banded biotite gneiss,2015.0,2
SKM/ES/78A12/2015/153,Sikkim, East Sikkim,27.245028,88.524389,No exposure,2015.0,2
SKM/ES/78A12/2015/162,Sikkim, East Sikkim,27.156806,88.5225,Phyllite,2015.0,2
SKM/NS/78A15/2017/158,Sikkim, East Sikkim,27.288667,88.816111, ,2017.0,2
SKM/ES/78A11/2015/415,Sikkim, East Sikkim,27.370083,88.67925,Gneiss,2015.0,2
SKM/SS/78A08/2015/307,Sikkim,South Sikkim,27.15425,88.500333,Phyllite with quartzite,2015.0,2
SKM/SS/78A12/2015/149,Sikkim,South Sikkim,27.228556,88.493889,No exposure,2015.0,2
SKM/SS/78A08/2015/213,Sikkim,South Sikkim,27.166528,88.401333,No exposure,2015.0,2
SKM/SS/78A08/2015/311,Sikkim,South Sikkim,27.150778,88.4385,Quartzite,2015.0,2
SKM/ES/78A11/2015/161,Sikkim, East Sikkim,27.368194,88.711167,Gneiss,2015.0,2
SKM/WS/78A07/2015/356,Sikkim,West Sikkim,27.383611,88.305806,Schist,2015.0,2
SKM/NS/78A04/2017/143,Sikkim,West Sikkim,27.166278,88.144333, ,2017.0,2
SKM/NS/78A11/2015/23,Sikkim,North Sikkim,27.417444,88.621083,No exposure,2015.0,2
SKM/SS/78A08/2015/221,Sikkim,South Sikkim,27.133556,88.39475,Phyllite with quartzite,2015.0,2
SKM/NS/78A04/2017/73,Sikkim,West Sikkim,27.247111,88.225222, ,2017.0,2
ASM/WKA/83B08/2017/33,Assam,West Karbi Anglong,26.024167,92.475,Quartzite with minor phylite & quartz mica schist,2017.0,2
AS/DIM/83C16/2017/09,Assam,Dima Hasao,25.078935,92.95379,Predominantly hard sandstone,2017.0,2
ASM/HLKD/83D10/2016/59,Assam,Hailakandi,24.511306,92.693028,"Highly weathered sandstone and sub-ordinate shale. Geologically the study area is composed of Tipam Sandstone Formation consisting of medium and course, gritty, micaceous arkose with bluish-grey shale and buff coloured clay.",2016.0,3
AS/DIM/83G4/2015/20,Assam,Dima Hasao,25.123,93.033,"Shale, flaggy sandstone and calcareous rocks of Disang formation and younger loose debris",2015.0,2
AS/DIM/83G07/2017/32,Assam,Dima Hasao,25.4255,93.363944,Flaggy sandstone with subordinate shale of Laisong Formation belonging to Barail Group of rocks.,2017.0,2
ASM/DH/83G4/2016/23,Assam,Dima Hasao,25.176389,93.116139,Alternate layer of sandstone and shale (Shale dominated) of Renji Formation,2016.0,2
ASM/DH/83G4/2016/40,Assam,Dima Hasao,25.196694,93.018583,"Sandstone, carbonaceous shale of Renji Fm",2016.0,2
AS/KAM/78N16/2015/83,Assam,Kamrup,26.0641,91.889136,Highly weathered granite and in-situ soil (Assam-Meghalaya gneissic complex),2015.0,2
ASM/DH/83G4/2016/37,Assam,Dima Hasao,25.2185,93.013111,"Sandstone, carbonaceous shale",2016.0,2
AS/KAM/78N16/2015/77,Assam,Kamrup,26.129583,91.938306,Highly weathered granite gneiss (Assam-Meghalaya gneissic complex),2015.0,2
AS/DIM/83C16/2017/23,Assam,Dima Hasao,25.049444,92.79725,"Siltstone, sandstone and shale.",2017.0,2
AS/DIM/83G07/2017/40,Assam,Dima Hasao,25.405,93.372194,Flaggy sandstone with subordinate shale of Laisong Formation belonging to Barail Group of rocks.,2017.0,2
AS/DIM/83G4/2015/14,Assam,Dima Hasao,25.106,93.001,Sandstone carbonaceous shale with conglomerate /limestone of Barail Group,2015.0,2
AS/DIM/83G07/2017/39,Assam,Dima Hasao,25.417528,93.372528,Flaggy sandstone with subordinate shale of Laisong Formation belonging to Barail Group of rocks.,2017.0,2
ASM/WKA/83C09/2016/5,Assam,West Karbi Anglong,25.86958,92.59411,Quartzite belonging to Shillong Group of rocks,2016.0,2
AS/DIH/83G08/2020/19,Assam,Dima Hasao,25.13,93.29, ,2020.0,2
ASM/DH/83C16/2016/47,Assam,Dima Hasao,25.109889,92.893167,"Shale, flaggy sandstone and calcareous rocks of Disang Group.",2016.0,2
ASM/WKA/83C09/2016/12,Assam,West Karbi Anglong,25.82528,92.54775,Migmatite(Assam-Meghalaya gneissic complex),2016.0,2
AS/HKN/83D11/2020/3,Assam,Hailakandi,24.44,92.56,Weathered sandstone,2020.0,2
AS/DIM/83G07/2017/12,Assam,Dima Hasao,25.444028,93.4265,Flaggy sandstone with subordinate shale of Laisong Formation belonging to Barail Group of rocks.,2017.0,2
AS/DIM/83G4/2015/34,Assam,Dima Hasao,25.137,93.034,"Shale, flaggy sandstone and calcareous rocks of Disang formation and younger loose debris",2015.0,2
AS/DIM/83C16/2018/29,Assam,Dima Hasao,25.04783,92.78931,Massive and bedded sandstone with shale,2018.0,2
ASM/NAG/83B08/2017/04,Assam,Nagaon,26.116972,92.440083,Granite,2017.0,2
AS/DIM/83G4/2015/49,Assam,Dima Hasao,25.145,93.158,Ferruginous Sandstone with sub-ordinate Shale of Laisong Fomation,2015.0,2
AS/SON/83F05/2018/2,Assam,Sonitpur,26.95052,93.45136,"Pebbles,cobbles,boulders in oxidized sandy matrix of Corramore Formation",2018.0,2
ASM/NAG/83B08/2017/09,Assam,Nagaon,26.102667,92.441639,Granite,2017.0,2
ASM/WKA/83B08/2017/45,Assam,West Karbi Anglong,25.946611,92.305361,Granite,2017.0,2
AS/KAM/78N16/2014/01,Assam,Kamrup,26.13222,91.83972,Highly weathered Granite Gneiss.,2014.0,3
AS/KAM/78N16/2014/06,Assam,Kamrup (Metro),26.13442,91.7501,Porphyritic granite. Exfoliation evident. The granites are highly weathered. Some joints,2014.0,3
AS/CHR/83D13/2020/5,Assam,Cachar,24.96,92.92,Shale of Bokabil Formation of Surma Group,2020.0,2
AS/BON/78J11/2018/2,Assam,Bongaigaon,26.3848,90.5943,Gneiss (jointed),2018.0,2
ASM/KMP/78N16/2017/09,Assam,Kamrup (Metro),26.20536,91.86497,Insitu soil and highly weathered rock.,2017.0,3
AS/KAR/83F03/2018/3,Assam,Karbi Anglong,26.297306,93.211833,Biotite Gneiss,2018.0,2
AS/DIM/83G4/2015/48,Assam,Dima Hasao,25.204,93.059,Sandstone carbonaceous shale with conglomerate /limestone of Renji Formation,2015.0,2
AS/DIH/83G08/2020/15,Assam,Dima Hasao,25.17,93.36,"Shale, siltstone and bedded sandstone",2020.0,2
ASM/NAG/83B08/2017/08,Assam,Nagaon,26.102333,92.4415,Granite,2017.0,2
ASM/DIM/83C15/2017/08,Assam,Dima Hasao,25.438723,92.912025,Sandstone Carbshale with Conglomerate/ Limestone (Barail Group),2017.0,2
AS/CHR/83D09/2020/8,Assam,Cachar,24.95,92.73,Conglomerate and sandstone of Dihing Group.,2020.0,2
AS/KAR/83G09/2017/20,Assam,Karbi Anglong,25.8465,93.687,"Mottled clay, sandy clay, sandstone & conglomerate.",2017.0,2
AS/KRP/78N16/2018/001,Assam,Kamrup,26.112667,91.853889,The slope was entirely made up of dumped material and colluvial deposits.,2018.0,3
AS/DH/83C16/2018/001,Assam,Dima Hasao,26.11,94.76,"The affected slope is largely composed of colluvium. But on regional scale, the surrounding area is composed of nearvertical inclined Tertiary sediments, chiefly massive and bedded sandstone with shale of Renji Formation belonging to the Barail Group of",2018.0,2
AS/DIM/83C16/2017/02,Assam,Dima Hasao,25.106956,92.991363,"Shale, flaggy sandstone",2017.0,2
AS/DIM/83G07/2017/63,Assam,Dima Hasao,25.332083,93.334639,Flaggy sandstone with subordinate shale of Laisong Formation belonging to Barail Group of rocks.,2017.0,2
AS/SON/83B09/2018/6,Assam,Sonitpur,26.93597,92.70455,"Pebbles,cobbles,boulders in oxidized sandy matrix of Corramore Formation",2018.0,2
AS/DIM/83G07/2017/48,Assam,Dima Hasao,25.453611,93.371389,Flaggy sandstone with subordinate shale of Laisong Formation belonging to Barail Group of rocks.,2017.0,2
AS/DIM/83C16/2017/17,Assam,Dima Hasao,25.061417,92.806833,"Siltstone, micaceous sandstone and splintery shale.",2017.0,2
AS/DIM/83C16/2017/19,Assam,Dima Hasao,25.060944,92.80675,Interbedded sandstone and shale.,2017.0,2
ASM/WKA/83C09/2016/7,Assam,West Karbi Anglong,25.945,92.66358,Granite,2016.0,2
AS/DIM/83C16/2017/38,Assam,Dima Hasao,25.041083,92.783111,"Intercalated shale, siltstone.",2017.0,2
ASM/DH/83G4/2016/12,Assam,Dima Hasao,25.171889,93.003944,"Sandstone, Carbonaceous-shale",2016.0,2
AS/DIH/83G08/2020/43,Assam,Dima Hasao,25.2,93.25,Bedded snadstone with carbonaceous shale alteration,2020.0,2
AS/KAM/78N16/2015/72,Assam,Kamrup,26.159139,91.915583,Highly weathered migmatite and in-situ soil (Assam-Meghalaya gneissic complex),2015.0,2
AS/KAR/83G05/2017/2,Assam,Karbi Anglong,25.83128,93.45257,Ferruginous sandstone with siltstone and clay.,2017.0,2
ASM/WKA/83C09/2016/27,Assam,West Karbi Anglong,25.95931,92.51753,Quartzite belonging to Shillong Group of rocks,2016.0,2
ASM/KMP/78N16/2016/64,Assam,Kamrup (Metro),26.190389,91.809944,Highly  weathered  Granite  gneiss  is  dominant  at  the  site  of  the  landslide. Geologically the area is made up of Assam- Meghalaya Gneissic complex.,2016.0,3
ASM/WKA/83B08/2017/32,Assam,West Karbi Anglong,26.030972,92.474139,Granite,2017.0,2
AS/SON/83F05/2018/3,Assam,Sonitpur,26.9498,93.45291,"Pebbles,cobbles,boulders in oxidized sandy matrix of Corramore Formation",2018.0,2
ASM/WKA/83C09/2016/22,Assam,West Karbi Anglong,25.84967,92.69042,Quartzite belonging to Shillong Group of rocks,2016.0,2
ASM/DH/83G4/2016/41,Assam,Dima Hasao,25.188444,93.019667,"Sandstone, carbonaceous shale of Renji Formation.",2016.0,2
AS/KAM/78N12/2015/68,Assam,Kamrup,26.149444,91.748,Granite gneiss,2015.0,2
AS/CHR/83D14/2020/1,Assam,Cachar,24.64,92.98,Ferruginous sandstone with siltstone of Tipam Sandstone Formation.,2020.0,2
AS/KAM/78N16/2015/80,Assam,Kamrup,26.110944,91.887917,Highly weathered migmatite (Assam-Meghalaya gneissic complex),2015.0,2
AS/CHR/83D14/2020/6,Assam,Cachar,24.62,92.83,Intercalated unit of highly friable siltstone and shale of Bokabil Formation of Surma Group.,2020.0,2
AS/KAR/83F03/2018/8,Assam,Karbi Anglong,26.483278,93.181306,porphyry rhyolite and meta-tuff,2018.0,2
ASM/HAI/83D10/2016/03,Assam,Hailakandi,24.51594,92.54089,Highly weathered micaceous sandstone.,2016.0,3
ASM/DIM/83C15/2017/06,Assam,Dima Hasao,25.320232,92.818091,Sandstone Carbshale with Conglomerate/ Limestone (Barail Group),2017.0,2
AS/KAM/78N12/2015/67,Assam,Kamrup,26.166583,91.714806,Granite gneiss,2015.0,2
AS/KAM/83B4/2015/98,Assam,Kamrup,26.061861,92.147889,Insitu soil,2015.0,2
AS/DIH/83G08/2020/30,Assam,Dima Hasao,25.14,93.3,Weathered Sandstone and Splintery shale alteration,2020.0,3
AS/CHR/83D13/2020/6,Assam,Cachar,24.98,92.75,Intercalated unit of siltstone and sandstone of Bhuban Formation of Surma Group,2020.0,2
AS/KAM/78N11/2015/107,Assam,Kamrup,26.256139,91.711583,Granite gneiss,2015.0,2
AS/KAM/78N16/2015/81,Assam,Kamrup,26.110056,91.908944,Highly weathered granite gneiss (Assam-Meghalaya gneissic complex),2015.0,2
ASM/WKA/83B08/2017/23,Assam,West Karbi Anglong,26.043722,92.441472,Quartzite with minor phylite & quartz mica schist,2017.0,2
ASM/WKA/83C09/2016/8,Assam,West Karbi Anglong,25.965731,92.59267,Coarse grained granite (Mylliem Granitoid),2016.0,2
AS/DIM/83G4/2015/40,Assam,Dima Hasao,25.19,93.191,"Shale, flaggy sandstone and calcareous rocks of Disang formation and younger loose debris",2015.0,2
AS/KAR/83G09/2017/17,Assam,Karbi Anglong,25.84782,93.70174,"Unstabilised & unoxidised sand, silt and clay.",2017.0,2
AS/DIM/83G07/2017/60,Assam,Dima Hasao,25.436528,93.4065,Flaggy sandstone with subordinate shale of Laisong Formation belonging to Barail Group of rocks.,2017.0,2
ASM/WKA/83B08/2017/20,Assam,West Karbi Anglong,26.048611,92.432194,Granite,2017.0,2
AS/DIH/83G08/2020/46,Assam,Dima Hasao,25.17,93.29, ,2020.0,2
AS/KAM/78N16/2015/85,Assam,Kamrup,26.19025,91.806472,Granite gneiss,2015.0,2
AS/DIM/83G07/2017/46,Assam,Dima Hasao,25.449056,93.370861,Flaggy sandstone with subordinate shale of Laisong Formation belonging to Barail Group of rocks.,2017.0,2
AS/DIM/83G2/2015/10,Assam,Dima Hasao,25.72486,93.131083,Sandstone,2015.0,2
ASM/DH/83G4/2016/02,Assam,Dima Hasao,25.146778,93.030972,"Sandstone, carbonaceous shale",2016.0,2
AS/KAM/78N16/2015/86,Assam,Kamrup,26.077653,91.982292,Highly weathered granite gneiss (Assam-Meghalaya gneissic complex),2015.0,2
AS/DIM/83G07/2017/27,Assam,Dima Hasao,25.278472,93.252972,Flaggy sandstone with subordinate shale of Laisong Formation belonging to Barail Group of rocks.,2017.0,2
AS/KAM/78O5/2020/2,Assam,Kamrup (Rural),25.91,91.4,Biotite Gneiss,2020.0,2
AS/CHR/83D09/2020/2,Assam,Cachar,24.96,92.7,Highly weathered sandstone and pebble of Dupitila Formation.,2020.0,2
ASM/WKA/83C09/2016/20,Assam,West Karbi Anglong,25.8515,92.69203,Quartzite belonging to Shillong Group of rocks,2016.0,2
AS/CHR/83D13/2020/2,Assam,Cachar,24.99,92.75,Buff coloured very fine grained lamented siltstone of Bhuban Formation of Surma Group,2020.0,2
ASM/DH/83C16/2016/51,Assam,Dima Hasao,25.110778,92.987917,"Shale, flaggy sandstone and calcareous rocks of Disang Group.",2016.0,2
AS/DIM/83C16/2017/40,Assam,Dima Hasao,25.0365,92.780417,Massive sandstone,2017.0,2
AS/KAR/83G09/2017/18,Assam,Karbi Anglong,25.84541,93.68312,"Mottled clay, sandy clay, sandstone & conglomerate.",2017.0,2
ASM/WKA/83C09/2016/9,Assam,West Karbi Anglong,25.96094,92.60122,Granite,2016.0,2
AS/KAM/78N12/2015/70,Assam,Kamrup,26.105806,91.62275,Granite gneiss,2015.0,2
AS/DIM/83G4/2015/37,Assam,Dima Hasao,25.189,93.192,"Shale, flaggy sandstone and calcareous rocks of Disang formation and younger loose debris",2015.0,2
ASM/WKA/83C09/2016/14,Assam,West Karbi Anglong,25.82108,92.544,Migmatite(Assam-Meghalaya gneissic complex),2016.0,2
AS/KAM/78N16/2015/69,Assam,Kamrup,26.099975,91.876625,Highly weathered granite gneiss (Assam-Meghalaya gneissic complex),2015.0,2
AS/KAR/83F03/2018/4,Assam,Karbi Anglong,26.298389,93.21625,Weathered granite gneiss/ migmatites,2018.0,2
AS/HKN/83D10/2020/9,Assam,Hailakandi,24.55,92.75,Weathered sandstone,2020.0,2
AS/CAC/83C4/2016/74,Assam,Cachar,25.031431,92.463231,Shale,2016.0,2
ASM/DIM/83C15/2017/03,Assam,Dima Hasao,25.257696,92.809603,"Sandstone ,Carbshale with Conglomerate/ Limestone (Barail Group)",2017.0,2
ASM/DH/83G4/2016/24,Assam,Dima Hasao,25.155722,93.022778,Alternative layer of sandstone and shale of Renji Formation,2016.0,2
ASM/HLKD/83D10/2016/60,Assam,Hailakandi,24.515944,92.540889,"Highly weathered micaceous sandstone was dominant at the site of the landslide. Geologically the area is made up of Bokabil Formation of Surma Group consisting of Shale-siltstone alternations, rhythimites, muds tones, fine to medium micaceous sandstones",2016.0,3
ASM/NAG/83B08/2017/46,Assam,Nagaon,26.172917,92.762778,"Micaceous, ferrogenous quartzite, phyllite and conglomerate.",2017.0,2
ASM/DH/83G4/2016/29,Assam,Dima Hasao,25.157139,93.017194,"Weathered sandstone, shale and carbonaceous shale of Renji Formation",2016.0,2
AS/DIM/83C16/2017/06,Assam,Dima Hasao,25.10275,92.986944,"Shale, flaggy sandstone",2017.0,2
AS/CHR/83D05/2020/2,Assam,Cachar,24.99,92.45,"Thick column of pebble, cobble and boulder bed of Dupitila Formation",2020.0,2
TR/DHA/84A02/2015/15,Tripura,Dhalai,23.694139,92.013278,Shale and Sandstone,2015.0,2
TR/DHA/84A02/2015/55,Tripura,Dhalai,23.653556,92.035139,shale-siltstone-sandstone sequence,2015.0,2
TR/WTR/78P/08/2018/002,Tripura,West Tripura,24.791306,93.735667,"Tipam Group of rocks represented by highly weathered, friable, yellowish to light brown colour, fine to medium grained, ferruginous sandstone with small mudstone/clay pockets.",2018.0,2
TR/GMT/79M10/2018/007,Tripura,Gomati,23.794253,91.553533,"Tipam Group of rocks represented by highly weathered, unconsolidated, yellowish to light brown colour, fine to medium grained, ferruginous sandstone with small mudstone/clay pockets.",2018.0,2
TR/NTR/84A05/2015/14,Tripura,North Tripura,23.906917,92.271944,Siltstone and shale,2015.0,2
TR/DHA/84A02/2015/19,Tripura,Dhalai,23.663361,92.015111,Shale-siltstone with sand parting,2015.0,2
TR/NTR/84A01/2015/10,Tripura,North Tripura,23.953333,92.233139,Shale with siltstone,2015.0,2
TR/NTR/84A05/2015/26,Tripura,North Tripura,23.892694,92.272667,Sandstone,2015.0,2
TR/WTR/79M05/2018/003,Tripura,West Tripura,24.325444,94.232583,"The Bokabil Formation of the Surma Group of rocks comprising of shale, siltstone and mudstone with sandstone and conglomerates.",2018.0,3
TR/NTR/84D08/2015/41,Tripura,North Tripura,24.134722,92.277639,Sandstone,2015.0,2
TR/NTR/84D08/2015/40,Tripura,North Tripura,24.142722,92.273583,Siltstone/v. fine grained sst,2015.0,2
TR/NTR/84A05/2015/31,Tripura,North Tripura,23.894667,92.287972,Sandstone-siltstone,2015.0,2
